-- MySQL dump 10.13  Distrib 8.0.38, for Win64 (x86_64)
--
-- Host: localhost    Database: team6
-- ------------------------------------------------------
-- Server version	8.0.39

/*!40101 SET @OLD_CHARACTER_SET_CLIENT=@@CHARACTER_SET_CLIENT */;
/*!40101 SET @OLD_CHARACTER_SET_RESULTS=@@CHARACTER_SET_RESULTS */;
/*!40101 SET @OLD_COLLATION_CONNECTION=@@COLLATION_CONNECTION */;
/*!50503 SET NAMES utf8 */;
/*!40103 SET @OLD_TIME_ZONE=@@TIME_ZONE */;
/*!40103 SET TIME_ZONE='+00:00' */;
/*!40014 SET @OLD_UNIQUE_CHECKS=@@UNIQUE_CHECKS, UNIQUE_CHECKS=0 */;
/*!40014 SET @OLD_FOREIGN_KEY_CHECKS=@@FOREIGN_KEY_CHECKS, FOREIGN_KEY_CHECKS=0 */;
/*!40101 SET @OLD_SQL_MODE=@@SQL_MODE, SQL_MODE='NO_AUTO_VALUE_ON_ZERO' */;
/*!40111 SET @OLD_SQL_NOTES=@@SQL_NOTES, SQL_NOTES=0 */;

--
-- Table structure for table `createcustomactivities`
--

DROP TABLE IF EXISTS `createcustomactivities`;
/*!40101 SET @saved_cs_client     = @@character_set_client */;
/*!50503 SET character_set_client = utf8mb4 */;
CREATE TABLE `createcustomactivities` (
  `ActivityID` int DEFAULT NULL,
  `TripID` int DEFAULT NULL,
  KEY `FK_ActivityID_idx` (`ActivityID`),
  KEY `FK_Create_TripID_idx` (`TripID`),
  CONSTRAINT `FK_CustomActivities_ActivityID` FOREIGN KEY (`ActivityID`) REFERENCES `customactivities` (`ActivityID`) ON DELETE CASCADE ON UPDATE CASCADE,
  CONSTRAINT `FK_CustomActivities_TripID` FOREIGN KEY (`TripID`) REFERENCES `trips` (`TripID`) ON DELETE CASCADE ON UPDATE CASCADE
) ENGINE=InnoDB DEFAULT CHARSET=utf8mb4 COLLATE=utf8mb4_0900_ai_ci;
/*!40101 SET character_set_client = @saved_cs_client */;

--
-- Dumping data for table `createcustomactivities`
--

LOCK TABLES `createcustomactivities` WRITE;
/*!40000 ALTER TABLE `createcustomactivities` DISABLE KEYS */;
INSERT INTO `createcustomactivities` VALUES (1001,1015),(2047,2489),(3058,3271),(4123,4568),(5632,5894),(6789,6732),(7405,7851),(8504,8523),(9176,9134),(1034,1027);
/*!40000 ALTER TABLE `createcustomactivities` ENABLE KEYS */;
UNLOCK TABLES;

--
-- Table structure for table `customactivities`
--

DROP TABLE IF EXISTS `customactivities`;
/*!40101 SET @saved_cs_client     = @@character_set_client */;
/*!50503 SET character_set_client = utf8mb4 */;
CREATE TABLE `customactivities` (
  `ActivityID` int NOT NULL,
  `ActivityName` varchar(45) DEFAULT NULL,
  `ActivityDesc` varchar(500) DEFAULT NULL,
  `Price` varchar(45) DEFAULT NULL,
  PRIMARY KEY (`ActivityID`)
) ENGINE=InnoDB DEFAULT CHARSET=utf8mb4 COLLATE=utf8mb4_0900_ai_ci;
/*!40101 SET character_set_client = @saved_cs_client */;

--
-- Dumping data for table `customactivities`
--

LOCK TABLES `customactivities` WRITE;
/*!40000 ALTER TABLE `customactivities` DISABLE KEYS */;
INSERT INTO `customactivities` VALUES (1001,'Skydiving','Experience the thrill of free-fall from 15,000 feet!','250.00'),(1034,'Photography Tour','Capture stunning landscapes with expert photography tips.','90.00'),(2047,'Cooking Class','Learn to make authentic Italian pasta from scratch.','75.00'),(3058,'City Tour','Explore the historical sites of the city with a local guide.','50.00'),(4123,'Mountain Biking','Ride through scenic trails and enjoy the great outdoors.','100.00'),(5632,'Wine Tasting','Taste a selection of local wines at a beautiful vineyard.','45.00'),(6789,'Scuba Diving','Discover the underwater world with a certified instructor.','300.00'),(7405,'Yoga Retreat','Relax and rejuvenate with daily yoga sessions and meditation.','200.00'),(8504,'Art Workshop','Create your own masterpiece in a guided painting class.','60.00'),(9176,'Zip Lining','Soar through the trees on a thrilling zip line adventure.','120.00');
/*!40000 ALTER TABLE `customactivities` ENABLE KEYS */;
UNLOCK TABLES;

--
-- Table structure for table `flights`
--

DROP TABLE IF EXISTS `flights`;
/*!40101 SET @saved_cs_client     = @@character_set_client */;
/*!50503 SET character_set_client = utf8mb4 */;
CREATE TABLE `flights` (
  `FlightID` int NOT NULL,
  `FlightClass` varchar(45) DEFAULT NULL,
  `Airline` varchar(45) DEFAULT NULL,
  `price` int DEFAULT NULL,
  `DepartureDate` date DEFAULT NULL,
  `ReturnDate` date DEFAULT NULL,
  `departureAirport` varchar(100) DEFAULT NULL,
  `arrivalAirport` varchar(100) DEFAULT NULL,
  `departureTime` time DEFAULT NULL,
  `arrivalTime` time DEFAULT NULL,
  `airlineLogo` varchar(255) DEFAULT NULL,
  `flightNumber` varchar(50) DEFAULT NULL,
  `layoverAirport` varchar(100) DEFAULT NULL,
  `layoverDuration` int DEFAULT NULL,
  `totalDuration` int DEFAULT NULL,
  `departureAirportID` varchar(255) DEFAULT NULL,
  `arrivalAirportID` varchar(255) DEFAULT NULL,
  `layoverAirportID` varchar(255) DEFAULT NULL,
  PRIMARY KEY (`FlightID`)
) ENGINE=InnoDB DEFAULT CHARSET=utf8mb4 COLLATE=utf8mb4_0900_ai_ci;
/*!40101 SET character_set_client = @saved_cs_client */;

--
-- Dumping data for table `flights`
--

LOCK TABLES `flights` WRITE;
/*!40000 ALTER TABLE `flights` DISABLE KEYS */;
INSERT INTO `flights` VALUES (1078,'Business','Allegiant Air',650,'2024-11-25','2024-11-25',NULL,NULL,NULL,NULL,NULL,NULL,NULL,NULL,NULL,NULL,NULL,NULL),(2015,'Economy','Delta Airlines',350,'2024-10-15','2024-10-15',NULL,NULL,NULL,NULL,NULL,NULL,NULL,NULL,NULL,NULL,NULL,NULL),(2490,'Economy','Hawaiian Airlines',400,'2024-11-30','2024-11-30',NULL,NULL,NULL,NULL,NULL,NULL,NULL,NULL,NULL,NULL,NULL,NULL),(3489,'Business','American Airlines',850,'2024-10-20','2024-10-20',NULL,NULL,NULL,NULL,NULL,NULL,NULL,NULL,NULL,NULL,NULL,NULL),(4312,'First Class','United Airlines',1200,'2024-10-25','2024-10-25',NULL,NULL,NULL,NULL,NULL,NULL,NULL,NULL,NULL,NULL,NULL,NULL),(5198,'Economy','Southwest Airlines',250,'2024-10-30','2024-10-30',NULL,NULL,NULL,NULL,NULL,NULL,NULL,NULL,NULL,NULL,NULL,NULL),(6074,'Business','JetBlue',700,'2024-11-05','2024-11-05',NULL,NULL,NULL,NULL,NULL,NULL,NULL,NULL,NULL,NULL,NULL,NULL),(7201,'Economy','Alaska Airlines',300,'2024-11-10','2024-11-10',NULL,NULL,NULL,NULL,NULL,NULL,NULL,NULL,NULL,NULL,NULL,NULL),(8123,'First Class','Frontier Airlines',1500,'2024-11-15','2024-11-15',NULL,NULL,NULL,NULL,NULL,NULL,NULL,NULL,NULL,NULL,NULL,NULL),(9342,'Economy','Spirit Airlines',200,'2024-11-20','2024-11-20',NULL,NULL,NULL,NULL,NULL,NULL,NULL,NULL,NULL,NULL,NULL,NULL),(9343,'Economy','Delta',792,'2024-11-16','2024-11-21','San Jose Mineta International Airport','Seattle–Tacoma International Airport','16:32:00','18:59:00','https://www.gstatic.com/flights/airline_logos/70px/DL.png','DL 3840','Seattle–Tacoma International Airport',1220,2193,'SJC','SEA','SEA'),(9344,'Economy','Delta',792,'2024-11-16','2024-11-21','Seattle–Tacoma International Airport','Taiwan Taoyuan International Airport','15:19:00','21:05:00','https://www.gstatic.com/flights/airline_logos/70px/DL.png','DL 69','',0,2193,'SEA','TPE',''),(9345,'Economy','Alaska',993,'2024-11-16','2024-11-21','San Jose Mineta International Airport','Los Angeles International Airport','06:15:00','07:40:00','https://www.gstatic.com/flights/airline_logos/70px/multi.png','AS 3363','Los Angeles International Airport',180,1145,'SJC','LAX','LAX'),(9346,'Economy','EVA Air',993,'2024-11-16','2024-11-21','Los Angeles International Airport','Taiwan Taoyuan International Airport','10:40:00','17:20:00','https://www.gstatic.com/flights/airline_logos/70px/multi.png','BR 5','',0,1145,'LAX','TPE',''),(9347,'Economy','Alaska',1032,'2024-11-16','2024-11-21','San Jose Mineta International Airport','Seattle–Tacoma International Airport','19:44:00','22:02:00','https://www.gstatic.com/flights/airline_logos/70px/multi.png','AS 2132','Seattle–Tacoma International Airport',128,1056,'SJC','SEA','SEA'),(9348,'Economy','China Airlines',1032,'2024-11-16','2024-11-21','Seattle–Tacoma International Airport','Taiwan Taoyuan International Airport','00:10:00','05:20:00','https://www.gstatic.com/flights/airline_logos/70px/multi.png','CI 21','',0,1056,'SEA','TPE',''),(9349,'Economy','Alaska',884,'2024-11-16','2024-11-21','San Jose Mineta International Airport','Los Angeles International Airport','06:15:00','07:40:00','https://www.gstatic.com/flights/airline_logos/70px/multi.png','AS 3363','Los Angeles International Airport',1870,2835,'SJC','LAX','LAX'),(9350,'Economy','China Airlines',884,'2024-11-16','2024-11-21','Los Angeles International Airport','Taiwan Taoyuan International Airport','14:50:00','21:30:00','https://www.gstatic.com/flights/airline_logos/70px/multi.png','CI 5','',0,2835,'LAX','TPE',''),(9351,'Economy','Alaska',969,'2024-11-16','2024-11-21','San Jose Mineta International Airport','Los Angeles International Airport','06:15:00','07:40:00','https://www.gstatic.com/flights/airline_logos/70px/multi.png','AS 3363','Los Angeles International Airport',905,1865,'SJC','LAX','LAX'),(9352,'Economy','China Airlines',969,'2024-11-16','2024-11-21','Los Angeles International Airport','Taiwan Taoyuan International Airport','22:45:00','05:20:00','https://www.gstatic.com/flights/airline_logos/70px/multi.png','CI 7','',0,1865,'LAX','TPE',''),(9353,'Economy','Alaska',972,'2024-11-16','2024-11-21','San Jose Mineta International Airport','Los Angeles International Airport','18:52:00','20:17:00','https://www.gstatic.com/flights/airline_logos/70px/multi.png','AS 3385','Los Angeles International Airport',863,1828,'SJC','LAX','LAX'),(9354,'Economy','EVA Air',972,'2024-11-16','2024-11-21','Los Angeles International Airport','Taiwan Taoyuan International Airport','10:40:00','17:20:00','https://www.gstatic.com/flights/airline_logos/70px/multi.png','BR 5','',0,1828,'LAX','TPE',''),(9355,'Economy','Alaska',1018,'2024-11-16','2024-11-21','San Jose Mineta International Airport','Los Angeles International Airport','18:52:00','20:17:00','https://www.gstatic.com/flights/airline_logos/70px/multi.png','AS 3385','Los Angeles International Airport',148,1108,'SJC','LAX','LAX'),(9356,'Economy','China Airlines',1018,'2024-11-16','2024-11-21','Los Angeles International Airport','Taiwan Taoyuan International Airport','22:45:00','05:20:00','https://www.gstatic.com/flights/airline_logos/70px/multi.png','CI 7','',0,1108,'LAX','TPE',''),(9357,'Economy','Alaska',1031,'2024-11-16','2024-11-21','San Jose Mineta International Airport','Los Angeles International Airport','18:52:00','20:17:00','https://www.gstatic.com/flights/airline_logos/70px/multi.png','AS 3385','Los Angeles International Airport',153,1118,'SJC','LAX','LAX'),(9358,'Economy','STARLUX Airlines',1031,'2024-11-16','2024-11-21','Los Angeles International Airport','Taiwan Taoyuan International Airport','22:50:00','05:30:00','https://www.gstatic.com/flights/airline_logos/70px/multi.png','JX 1','',0,1118,'LAX','TPE',''),(9359,'Economy','Delta',1070,'2024-11-16','2024-11-21','San Jose Mineta International Airport','Los Angeles International Airport','18:00:00','19:26:00','https://www.gstatic.com/flights/airline_logos/70px/multi.png','DL 3969','Los Angeles International Airport',199,1160,'SJC','LAX','LAX'),(9360,'Economy','China Airlines',1070,'2024-11-16','2024-11-21','Los Angeles International Airport','Taiwan Taoyuan International Airport','22:45:00','05:20:00','https://www.gstatic.com/flights/airline_logos/70px/multi.png','CI 7','',0,1160,'LAX','TPE',''),(9361,'Economy','Alaska',1078,'2024-11-16','2024-11-21','San Jose Mineta International Airport','Los Angeles International Airport','18:52:00','20:17:00','https://www.gstatic.com/flights/airline_logos/70px/multi.png','AS 3385','Los Angeles International Airport',138,1103,'SJC','LAX','LAX'),(9362,'Economy','EVA Air',1078,'2024-11-16','2024-11-21','Los Angeles International Airport','Taiwan Taoyuan International Airport','22:35:00','05:15:00','https://www.gstatic.com/flights/airline_logos/70px/multi.png','BR 11','',0,1103,'LAX','TPE',''),(9363,'Economy','Delta',1451,'2024-11-16','2024-11-21','San Jose Mineta International Airport','Seattle–Tacoma International Airport','12:25:00','14:45:00','https://www.gstatic.com/flights/airline_logos/70px/DL.png','DL 3789','Seattle–Tacoma International Airport',34,1000,'SJC','SEA','SEA'),(9364,'Economy','Delta',1451,'2024-11-16','2024-11-21','Seattle–Tacoma International Airport','Taiwan Taoyuan International Airport','15:19:00','21:05:00','https://www.gstatic.com/flights/airline_logos/70px/DL.png','DL 69','',0,1000,'SEA','TPE',''),(9365,'Economy','Delta',1628,'2024-11-16','2024-11-21','San Jose Mineta International Airport','Los Angeles International Airport','18:00:00','19:26:00','https://www.gstatic.com/flights/airline_logos/70px/multi.png','DL 3969','Los Angeles International Airport',194,1500,'SJC','LAX','LAX'),(9366,'Economy','Korean Air',1628,'2024-11-16','2024-11-21','Los Angeles International Airport','Incheon International Airport','22:40:00','05:10:00','https://www.gstatic.com/flights/airline_logos/70px/multi.png','KE 12','Incheon International Airport',230,1500,'LAX','ICN','ICN'),(9367,'Economy','Korean Air',1628,'2024-11-16','2024-11-21','Incheon International Airport','Taiwan Taoyuan International Airport','09:00:00','11:00:00','https://www.gstatic.com/flights/airline_logos/70px/multi.png','KE 185','',0,1500,'ICN','TPE',''),(9368,'Economy','United',2291,'2024-11-16','2024-11-21','San Jose Mineta International Airport','Denver International Airport','12:55:00','16:32:00','https://www.gstatic.com/flights/airline_logos/70px/multi.png','UA 551','Denver International Airport',180,1470,'SJC','DEN','DEN'),(9369,'Economy','United',2291,'2024-11-16','2024-11-21','Denver International Airport','Vancouver International Airport','19:32:00','21:43:00','https://www.gstatic.com/flights/airline_logos/70px/multi.png','UA 1910','Vancouver International Airport',152,1470,'DEN','YVR','YVR'),(9370,'Economy','EVA Air',2291,'2024-11-16','2024-11-21','Vancouver International Airport','Taiwan Taoyuan International Airport','00:15:00','05:25:00','https://www.gstatic.com/flights/airline_logos/70px/multi.png','BR 9','',0,1470,'YVR','TPE',''),(9371,'Economy','Alaska',2312,'2024-11-16','2024-11-21','San Jose Mineta International Airport','Seattle–Tacoma International Airport','06:15:00','08:37:00','https://www.gstatic.com/flights/airline_logos/70px/multi.png','AS 1079','Seattle–Tacoma International Airport',213,1375,'SJC','SEA','SEA'),(9372,'Economy','JAL',2312,'2024-11-16','2024-11-21','Seattle–Tacoma International Airport','Narita International Airport','12:10:00','15:40:00','https://www.gstatic.com/flights/airline_logos/70px/multi.png','JL 67','Narita International Airport',145,1375,'SEA','NRT','NRT'),(9373,'Economy','JAL',2312,'2024-11-16','2024-11-21','Narita International Airport','Taiwan Taoyuan International Airport','18:05:00','21:10:00','https://www.gstatic.com/flights/airline_logos/70px/multi.png','JL 809','',0,1375,'NRT','TPE',''),(9374,'Economy','Delta',787,'2024-11-19','2024-11-23','San Jose Mineta International Airport','Seattle–Tacoma International Airport','10:30:00','13:00:00','https://www.gstatic.com/flights/airline_logos/70px/DL.png','DL 3736','Seattle–Tacoma International Airport',139,1115,'SJC','SEA','SEA'),(9375,'Economy','Delta',787,'2024-11-19','2024-11-23','Seattle–Tacoma International Airport','Taiwan Taoyuan International Airport','15:19:00','21:05:00','https://www.gstatic.com/flights/airline_logos/70px/DL.png','DL 69','',0,1115,'SEA','TPE',''),(9376,'Economy','Alaska',1009,'2024-11-19','2024-11-23','San Jose Mineta International Airport','Seattle–Tacoma International Airport','17:56:00','20:14:00','https://www.gstatic.com/flights/airline_logos/70px/multi.png','AS 1185','Seattle–Tacoma International Airport',236,1164,'SJC','SEA','SEA'),(9377,'Economy','China Airlines',1009,'2024-11-19','2024-11-23','Seattle–Tacoma International Airport','Taiwan Taoyuan International Airport','00:10:00','05:20:00','https://www.gstatic.com/flights/airline_logos/70px/multi.png','CI 21','',0,1164,'SEA','TPE',''),(9378,'Economy','Alaska',1052,'2024-11-19','2024-11-23','San Jose Mineta International Airport','Los Angeles International Airport','06:15:00','07:40:00','https://www.gstatic.com/flights/airline_logos/70px/multi.png','AS 3363','Los Angeles International Airport',180,1145,'SJC','LAX','LAX'),(9379,'Economy','EVA Air',1052,'2024-11-19','2024-11-23','Los Angeles International Airport','Taiwan Taoyuan International Airport','10:40:00','17:20:00','https://www.gstatic.com/flights/airline_logos/70px/multi.png','BR 5','',0,1145,'LAX','TPE',''),(9380,'Economy','Alaska',1181,'2024-11-19','2024-11-23','San Jose Mineta International Airport','Los Angeles International Airport','18:52:00','20:17:00','https://www.gstatic.com/flights/airline_logos/70px/multi.png','AS 3385','Los Angeles International Airport',153,1118,'SJC','LAX','LAX'),(9381,'Economy','STARLUX Airlines',1181,'2024-11-19','2024-11-23','Los Angeles International Airport','Taiwan Taoyuan International Airport','22:50:00','05:30:00','https://www.gstatic.com/flights/airline_logos/70px/multi.png','JX 1','',0,1118,'LAX','TPE',''),(9382,'Economy','Alaska',1233,'2024-11-19','2024-11-23','San Jose Mineta International Airport','Los Angeles International Airport','18:52:00','20:17:00','https://www.gstatic.com/flights/airline_logos/70px/multi.png','AS 3385','Los Angeles International Airport',148,1108,'SJC','LAX','LAX'),(9383,'Economy','China Airlines',1233,'2024-11-19','2024-11-23','Los Angeles International Airport','Taiwan Taoyuan International Airport','22:45:00','05:20:00','https://www.gstatic.com/flights/airline_logos/70px/multi.png','CI 7','',0,1108,'LAX','TPE',''),(9384,'Economy','Delta',1246,'2024-11-19','2024-11-23','San Jose Mineta International Airport','Los Angeles International Airport','16:06:00','17:35:00','https://www.gstatic.com/flights/airline_logos/70px/multi.png','DL 3842','Los Angeles International Airport',1275,2244,'SJC','LAX','LAX'),(9385,'Economy','China Airlines',1246,'2024-11-19','2024-11-23','Los Angeles International Airport','Taiwan Taoyuan International Airport','14:50:00','21:30:00','https://www.gstatic.com/flights/airline_logos/70px/multi.png','CI 5','',0,2244,'LAX','TPE',''),(9386,'Economy','Alaska',1307,'2024-11-19','2024-11-23','San Jose Mineta International Airport','Los Angeles International Airport','18:52:00','20:17:00','https://www.gstatic.com/flights/airline_logos/70px/multi.png','AS 3385','Los Angeles International Airport',138,1103,'SJC','LAX','LAX'),(9387,'Economy','EVA Air',1307,'2024-11-19','2024-11-23','Los Angeles International Airport','Taiwan Taoyuan International Airport','22:35:00','05:15:00','https://www.gstatic.com/flights/airline_logos/70px/multi.png','BR 11','',0,1103,'LAX','TPE',''),(9388,'Economy','Delta',1395,'2024-11-19','2024-11-23','San Jose Mineta International Airport','Los Angeles International Airport','16:06:00','17:35:00','https://www.gstatic.com/flights/airline_logos/70px/multi.png','DL 3842','Los Angeles International Airport',310,1274,'SJC','LAX','LAX'),(9389,'Economy','China Airlines',1395,'2024-11-19','2024-11-23','Los Angeles International Airport','Taiwan Taoyuan International Airport','22:45:00','05:20:00','https://www.gstatic.com/flights/airline_logos/70px/multi.png','CI 7','',0,1274,'LAX','TPE',''),(9390,'Economy','Delta',1439,'2024-11-19','2024-11-23','San Jose Mineta International Airport','Los Angeles International Airport','07:25:00','08:56:00','https://www.gstatic.com/flights/airline_logos/70px/multi.png','DL 3979','Los Angeles International Airport',154,2315,'SJC','LAX','LAX'),(9391,'Economy','China Eastern',1439,'2024-11-19','2024-11-23','Los Angeles International Airport','Shanghai Pudong International Airport','11:30:00','17:45:00','https://www.gstatic.com/flights/airline_logos/70px/multi.png','MU 586','Shanghai Pudong International Airport',1100,2315,'LAX','PVG','PVG'),(9392,'Economy','China Eastern',1439,'2024-11-19','2024-11-23','Shanghai Pudong International Airport','Taiwan Taoyuan International Airport','12:05:00','14:00:00','https://www.gstatic.com/flights/airline_logos/70px/multi.png','MU 5007','',0,2315,'PVG','TPE',''),(9393,'Economy','Hawaiian',1532,'2024-11-19','2024-11-23','San Jose Mineta International Airport','Daniel K. Inouye International Airport','07:15:00','10:55:00','https://www.gstatic.com/flights/airline_logos/70px/multi.png','HA 91','Daniel K. Inouye International Airport',120,1385,'SJC','HNL','HNL'),(9394,'Economy','Hawaiian',1532,'2024-11-19','2024-11-23','Daniel K. Inouye International Airport','Fukuoka Airport','12:55:00','18:40:00','https://www.gstatic.com/flights/airline_logos/70px/multi.png','HA 827','Fukuoka Airport',115,1385,'HNL','FUK','FUK'),(9395,'Economy','China Airlines',1532,'2024-11-19','2024-11-23','Fukuoka Airport','Taiwan Taoyuan International Airport','20:35:00','22:20:00','https://www.gstatic.com/flights/airline_logos/70px/multi.png','CI 117','',0,1385,'FUK','TPE',''),(9396,'Economy','Delta',1884,'2024-11-19','2024-11-23','San Jose Mineta International Airport','Los Angeles International Airport','07:25:00','08:56:00','https://www.gstatic.com/flights/airline_logos/70px/multi.png','DL 3979','Los Angeles International Airport',154,1350,'SJC','LAX','LAX'),(9397,'Economy','China Eastern',1884,'2024-11-19','2024-11-23','Los Angeles International Airport','Shanghai Pudong International Airport','11:30:00','17:45:00','https://www.gstatic.com/flights/airline_logos/70px/multi.png','MU 586','Shanghai Pudong International Airport',125,1350,'LAX','PVG','PVG'),(9398,'Economy','China Airlines',1884,'2024-11-19','2024-11-23','Shanghai Pudong International Airport','Taiwan Taoyuan International Airport','19:50:00','21:55:00','https://www.gstatic.com/flights/airline_logos/70px/multi.png','CI 504','',0,1350,'PVG','TPE',''),(9399,'Economy','Alaska',2616,'2024-11-19','2024-11-23','San Jose Mineta International Airport','Seattle–Tacoma International Airport','06:15:00','08:37:00','https://www.gstatic.com/flights/airline_logos/70px/multi.png','AS 1079','Seattle–Tacoma International Airport',213,1375,'SJC','SEA','SEA'),(9400,'Economy','JAL',2616,'2024-11-19','2024-11-23','Seattle–Tacoma International Airport','Narita International Airport','12:10:00','15:40:00','https://www.gstatic.com/flights/airline_logos/70px/multi.png','JL 67','Narita International Airport',145,1375,'SEA','NRT','NRT'),(9401,'Economy','JAL',2616,'2024-11-19','2024-11-23','Narita International Airport','Taiwan Taoyuan International Airport','18:05:00','21:10:00','https://www.gstatic.com/flights/airline_logos/70px/multi.png','JL 809','',0,1375,'NRT','TPE',''),(9402,'Economy','Alaska',4111,'2024-11-19','2024-11-23','San Jose Mineta International Airport','Seattle–Tacoma International Airport','06:15:00','08:37:00','https://www.gstatic.com/flights/airline_logos/70px/multi.png','AS 1079','Seattle–Tacoma International Airport',213,1360,'SJC','SEA','SEA'),(9403,'Economy','JAL',4111,'2024-11-19','2024-11-23','Seattle–Tacoma International Airport','Narita International Airport','12:10:00','15:40:00','https://www.gstatic.com/flights/airline_logos/70px/multi.png','JL 67','Narita International Airport',125,1360,'SEA','NRT','NRT'),(9404,'Economy','China Airlines',4111,'2024-11-19','2024-11-23','Narita International Airport','Taiwan Taoyuan International Airport','17:45:00','20:55:00','https://www.gstatic.com/flights/airline_logos/70px/multi.png','CI 105','',0,1360,'NRT','TPE',''),(9405,'Economy','Delta',4736,'2024-11-19','2024-11-23','San Jose Mineta International Airport','Los Angeles International Airport','07:25:00','08:56:00','https://www.gstatic.com/flights/airline_logos/70px/multi.png','DL 3979','Los Angeles International Airport',114,1360,'SJC','LAX','LAX'),(9406,'Economy','Korean Air',4736,'2024-11-19','2024-11-23','Los Angeles International Airport','Incheon International Airport','10:50:00','17:40:00','https://www.gstatic.com/flights/airline_logos/70px/multi.png','KE 18','Incheon International Airport',155,1360,'LAX','ICN','ICN'),(9407,'Economy','China Airlines',4736,'2024-11-19','2024-11-23','Incheon International Airport','Taiwan Taoyuan International Airport','20:15:00','22:05:00','https://www.gstatic.com/flights/airline_logos/70px/multi.png','CI 163','',0,1360,'ICN','TPE',''),(9408,'Economy','Delta',787,'2024-11-19','2024-11-23','San Jose Mineta International Airport','Seattle–Tacoma International Airport','10:30:00','13:00:00','https://www.gstatic.com/flights/airline_logos/70px/DL.png','DL 3736','Seattle–Tacoma International Airport',139,1115,'SJC','SEA','SEA'),(9409,'Economy','Delta',787,'2024-11-19','2024-11-23','Seattle–Tacoma International Airport','Taiwan Taoyuan International Airport','15:19:00','21:05:00','https://www.gstatic.com/flights/airline_logos/70px/DL.png','DL 69','',0,1115,'SEA','TPE',''),(9410,'Economy','Alaska',1009,'2024-11-19','2024-11-23','San Jose Mineta International Airport','Seattle–Tacoma International Airport','17:56:00','20:14:00','https://www.gstatic.com/flights/airline_logos/70px/multi.png','AS 1185','Seattle–Tacoma International Airport',236,1164,'SJC','SEA','SEA'),(9411,'Economy','China Airlines',1009,'2024-11-19','2024-11-23','Seattle–Tacoma International Airport','Taiwan Taoyuan International Airport','00:10:00','05:20:00','https://www.gstatic.com/flights/airline_logos/70px/multi.png','CI 21','',0,1164,'SEA','TPE',''),(9412,'Economy','Alaska',1052,'2024-11-19','2024-11-23','San Jose Mineta International Airport','Los Angeles International Airport','06:15:00','07:40:00','https://www.gstatic.com/flights/airline_logos/70px/multi.png','AS 3363','Los Angeles International Airport',180,1145,'SJC','LAX','LAX'),(9413,'Economy','EVA Air',1052,'2024-11-19','2024-11-23','Los Angeles International Airport','Taiwan Taoyuan International Airport','10:40:00','17:20:00','https://www.gstatic.com/flights/airline_logos/70px/multi.png','BR 5','',0,1145,'LAX','TPE',''),(9414,'Economy','Alaska',1181,'2024-11-19','2024-11-23','San Jose Mineta International Airport','Los Angeles International Airport','18:52:00','20:17:00','https://www.gstatic.com/flights/airline_logos/70px/multi.png','AS 3385','Los Angeles International Airport',153,1118,'SJC','LAX','LAX'),(9415,'Economy','STARLUX Airlines',1181,'2024-11-19','2024-11-23','Los Angeles International Airport','Taiwan Taoyuan International Airport','22:50:00','05:30:00','https://www.gstatic.com/flights/airline_logos/70px/multi.png','JX 1','',0,1118,'LAX','TPE',''),(9416,'Economy','Alaska',1233,'2024-11-19','2024-11-23','San Jose Mineta International Airport','Los Angeles International Airport','18:52:00','20:17:00','https://www.gstatic.com/flights/airline_logos/70px/multi.png','AS 3385','Los Angeles International Airport',148,1108,'SJC','LAX','LAX'),(9417,'Economy','China Airlines',1233,'2024-11-19','2024-11-23','Los Angeles International Airport','Taiwan Taoyuan International Airport','22:45:00','05:20:00','https://www.gstatic.com/flights/airline_logos/70px/multi.png','CI 7','',0,1108,'LAX','TPE',''),(9418,'Economy','Delta',1246,'2024-11-19','2024-11-23','San Jose Mineta International Airport','Los Angeles International Airport','16:06:00','17:35:00','https://www.gstatic.com/flights/airline_logos/70px/multi.png','DL 3842','Los Angeles International Airport',1275,2244,'SJC','LAX','LAX'),(9419,'Economy','China Airlines',1246,'2024-11-19','2024-11-23','Los Angeles International Airport','Taiwan Taoyuan International Airport','14:50:00','21:30:00','https://www.gstatic.com/flights/airline_logos/70px/multi.png','CI 5','',0,2244,'LAX','TPE',''),(9420,'Economy','Alaska',1307,'2024-11-19','2024-11-23','San Jose Mineta International Airport','Los Angeles International Airport','18:52:00','20:17:00','https://www.gstatic.com/flights/airline_logos/70px/multi.png','AS 3385','Los Angeles International Airport',138,1103,'SJC','LAX','LAX'),(9421,'Economy','EVA Air',1307,'2024-11-19','2024-11-23','Los Angeles International Airport','Taiwan Taoyuan International Airport','22:35:00','05:15:00','https://www.gstatic.com/flights/airline_logos/70px/multi.png','BR 11','',0,1103,'LAX','TPE',''),(9422,'Economy','Delta',1395,'2024-11-19','2024-11-23','San Jose Mineta International Airport','Los Angeles International Airport','16:06:00','17:35:00','https://www.gstatic.com/flights/airline_logos/70px/multi.png','DL 3842','Los Angeles International Airport',310,1274,'SJC','LAX','LAX'),(9423,'Economy','China Airlines',1395,'2024-11-19','2024-11-23','Los Angeles International Airport','Taiwan Taoyuan International Airport','22:45:00','05:20:00','https://www.gstatic.com/flights/airline_logos/70px/multi.png','CI 7','',0,1274,'LAX','TPE',''),(9424,'Economy','Delta',1439,'2024-11-19','2024-11-23','San Jose Mineta International Airport','Los Angeles International Airport','07:25:00','08:56:00','https://www.gstatic.com/flights/airline_logos/70px/multi.png','DL 3979','Los Angeles International Airport',154,2315,'SJC','LAX','LAX'),(9425,'Economy','China Eastern',1439,'2024-11-19','2024-11-23','Los Angeles International Airport','Shanghai Pudong International Airport','11:30:00','17:45:00','https://www.gstatic.com/flights/airline_logos/70px/multi.png','MU 586','Shanghai Pudong International Airport',1100,2315,'LAX','PVG','PVG'),(9426,'Economy','China Eastern',1439,'2024-11-19','2024-11-23','Shanghai Pudong International Airport','Taiwan Taoyuan International Airport','12:05:00','14:00:00','https://www.gstatic.com/flights/airline_logos/70px/multi.png','MU 5007','',0,2315,'PVG','TPE',''),(9427,'Economy','Hawaiian',1532,'2024-11-19','2024-11-23','San Jose Mineta International Airport','Daniel K. Inouye International Airport','07:15:00','10:55:00','https://www.gstatic.com/flights/airline_logos/70px/multi.png','HA 91','Daniel K. Inouye International Airport',120,1385,'SJC','HNL','HNL'),(9428,'Economy','Hawaiian',1532,'2024-11-19','2024-11-23','Daniel K. Inouye International Airport','Fukuoka Airport','12:55:00','18:40:00','https://www.gstatic.com/flights/airline_logos/70px/multi.png','HA 827','Fukuoka Airport',115,1385,'HNL','FUK','FUK'),(9429,'Economy','China Airlines',1532,'2024-11-19','2024-11-23','Fukuoka Airport','Taiwan Taoyuan International Airport','20:35:00','22:20:00','https://www.gstatic.com/flights/airline_logos/70px/multi.png','CI 117','',0,1385,'FUK','TPE',''),(9430,'Economy','Delta',1884,'2024-11-19','2024-11-23','San Jose Mineta International Airport','Los Angeles International Airport','07:25:00','08:56:00','https://www.gstatic.com/flights/airline_logos/70px/multi.png','DL 3979','Los Angeles International Airport',154,1350,'SJC','LAX','LAX'),(9431,'Economy','China Eastern',1884,'2024-11-19','2024-11-23','Los Angeles International Airport','Shanghai Pudong International Airport','11:30:00','17:45:00','https://www.gstatic.com/flights/airline_logos/70px/multi.png','MU 586','Shanghai Pudong International Airport',125,1350,'LAX','PVG','PVG'),(9432,'Economy','China Airlines',1884,'2024-11-19','2024-11-23','Shanghai Pudong International Airport','Taiwan Taoyuan International Airport','19:50:00','21:55:00','https://www.gstatic.com/flights/airline_logos/70px/multi.png','CI 504','',0,1350,'PVG','TPE',''),(9433,'Economy','Alaska',2616,'2024-11-19','2024-11-23','San Jose Mineta International Airport','Seattle–Tacoma International Airport','06:15:00','08:37:00','https://www.gstatic.com/flights/airline_logos/70px/multi.png','AS 1079','Seattle–Tacoma International Airport',213,1375,'SJC','SEA','SEA'),(9434,'Economy','JAL',2616,'2024-11-19','2024-11-23','Seattle–Tacoma International Airport','Narita International Airport','12:10:00','15:40:00','https://www.gstatic.com/flights/airline_logos/70px/multi.png','JL 67','Narita International Airport',145,1375,'SEA','NRT','NRT'),(9435,'Economy','JAL',2616,'2024-11-19','2024-11-23','Narita International Airport','Taiwan Taoyuan International Airport','18:05:00','21:10:00','https://www.gstatic.com/flights/airline_logos/70px/multi.png','JL 809','',0,1375,'NRT','TPE',''),(9436,'Economy','Alaska',4111,'2024-11-19','2024-11-23','San Jose Mineta International Airport','Seattle–Tacoma International Airport','06:15:00','08:37:00','https://www.gstatic.com/flights/airline_logos/70px/multi.png','AS 1079','Seattle–Tacoma International Airport',213,1360,'SJC','SEA','SEA'),(9437,'Economy','JAL',4111,'2024-11-19','2024-11-23','Seattle–Tacoma International Airport','Narita International Airport','12:10:00','15:40:00','https://www.gstatic.com/flights/airline_logos/70px/multi.png','JL 67','Narita International Airport',125,1360,'SEA','NRT','NRT'),(9438,'Economy','China Airlines',4111,'2024-11-19','2024-11-23','Narita International Airport','Taiwan Taoyuan International Airport','17:45:00','20:55:00','https://www.gstatic.com/flights/airline_logos/70px/multi.png','CI 105','',0,1360,'NRT','TPE',''),(9439,'Economy','Delta',4736,'2024-11-19','2024-11-23','San Jose Mineta International Airport','Los Angeles International Airport','07:25:00','08:56:00','https://www.gstatic.com/flights/airline_logos/70px/multi.png','DL 3979','Los Angeles International Airport',114,1360,'SJC','LAX','LAX'),(9440,'Economy','Korean Air',4736,'2024-11-19','2024-11-23','Los Angeles International Airport','Incheon International Airport','10:50:00','17:40:00','https://www.gstatic.com/flights/airline_logos/70px/multi.png','KE 18','Incheon International Airport',155,1360,'LAX','ICN','ICN'),(9441,'Economy','China Airlines',4736,'2024-11-19','2024-11-23','Incheon International Airport','Taiwan Taoyuan International Airport','20:15:00','22:05:00','https://www.gstatic.com/flights/airline_logos/70px/multi.png','CI 163','',0,1360,'ICN','TPE',''),(9442,'Economy','Delta',1439,'2024-11-20','2024-11-23','San Jose Mineta International Airport','Los Angeles International Airport','07:25:00','08:56:00','https://www.gstatic.com/flights/airline_logos/70px/multi.png','DL 3979','Los Angeles International Airport',154,2090,'SJC','LAX','LAX'),(9443,'Economy','China Eastern',1439,'2024-11-20','2024-11-23','Los Angeles International Airport','Shanghai Pudong International Airport','11:30:00','17:45:00','https://www.gstatic.com/flights/airline_logos/70px/multi.png','MU 586','Shanghai Hongqiao International Airport',870,2090,'LAX','PVG','PVG'),(9444,'Economy','Shanghai Airlines',1439,'2024-11-20','2024-11-23','Shanghai Hongqiao International Airport','Taipei Songshan Airport','08:15:00','10:15:00','https://www.gstatic.com/flights/airline_logos/70px/multi.png','FM 851','',0,2090,'SHA','TSA',''),(9445,'Economy','Delta',1439,'2024-11-20','2024-11-23','San Jose Mineta International Airport','Los Angeles International Airport','07:25:00','08:56:00','https://www.gstatic.com/flights/airline_logos/70px/multi.png','DL 3979','Los Angeles International Airport',154,2450,'SJC','LAX','LAX'),(9446,'Economy','China Eastern',1439,'2024-11-20','2024-11-23','Los Angeles International Airport','Shanghai Pudong International Airport','11:30:00','17:45:00','https://www.gstatic.com/flights/airline_logos/70px/multi.png','MU 586','Shanghai Hongqiao International Airport',1225,2450,'LAX','PVG','PVG'),(9447,'Economy','China Eastern',1439,'2024-11-20','2024-11-23','Shanghai Hongqiao International Airport','Taipei Songshan Airport','14:10:00','16:15:00','https://www.gstatic.com/flights/airline_logos/70px/multi.png','MU 5097','',0,2450,'SHA','TSA',''),(9448,'Economy','Alaska',1479,'2024-11-20','2024-11-23','San Jose Mineta International Airport','Los Angeles International Airport','06:15:00','07:40:00','https://www.gstatic.com/flights/airline_logos/70px/multi.png','AS 3363','Los Angeles International Airport',230,2160,'SJC','LAX','LAX'),(9449,'Economy','China Eastern',1479,'2024-11-20','2024-11-23','Los Angeles International Airport','Shanghai Pudong International Airport','11:30:00','17:45:00','https://www.gstatic.com/flights/airline_logos/70px/multi.png','MU 586','Shanghai Hongqiao International Airport',870,2160,'LAX','PVG','PVG'),(9450,'Economy','Shanghai Airlines',1479,'2024-11-20','2024-11-23','Shanghai Hongqiao International Airport','Taipei Songshan Airport','08:15:00','10:15:00','https://www.gstatic.com/flights/airline_logos/70px/multi.png','FM 851','',0,2160,'SHA','TSA',''),(9451,'Economy','Alaska',1479,'2024-11-20','2024-11-23','San Jose Mineta International Airport','Los Angeles International Airport','06:15:00','07:40:00','https://www.gstatic.com/flights/airline_logos/70px/multi.png','AS 3363','Los Angeles International Airport',230,2520,'SJC','LAX','LAX'),(9452,'Economy','China Eastern',1479,'2024-11-20','2024-11-23','Los Angeles International Airport','Shanghai Pudong International Airport','11:30:00','17:45:00','https://www.gstatic.com/flights/airline_logos/70px/multi.png','MU 586','Shanghai Hongqiao International Airport',1225,2520,'LAX','PVG','PVG'),(9453,'Economy','China Eastern',1479,'2024-11-20','2024-11-23','Shanghai Hongqiao International Airport','Taipei Songshan Airport','14:10:00','16:15:00','https://www.gstatic.com/flights/airline_logos/70px/multi.png','MU 5097','',0,2520,'SHA','TSA',''),(9454,'Economy','Alaska',1498,'2024-11-20','2024-11-23','San Jose Mineta International Airport','Los Angeles International Airport','18:52:00','20:17:00','https://www.gstatic.com/flights/airline_logos/70px/multi.png','AS 3385','Los Angeles International Airport',913,3203,'SJC','LAX','LAX'),(9455,'Economy','China Eastern',1498,'2024-11-20','2024-11-23','Los Angeles International Airport','Shanghai Pudong International Airport','11:30:00','17:45:00','https://www.gstatic.com/flights/airline_logos/70px/multi.png','MU 586','Shanghai Hongqiao International Airport',1225,3203,'LAX','PVG','PVG'),(9456,'Economy','China Eastern',1498,'2024-11-20','2024-11-23','Shanghai Hongqiao International Airport','Taipei Songshan Airport','14:10:00','16:15:00','https://www.gstatic.com/flights/airline_logos/70px/multi.png','MU 5097','',0,3203,'SHA','TSA',''),(9457,'Economy','Alaska',3267,'2024-11-20','2024-11-23','San Jose Mineta International Airport','Los Angeles International Airport','06:15:00','07:40:00','https://www.gstatic.com/flights/airline_logos/70px/multi.png','AS 3363','Los Angeles International Airport',130,1365,'SJC','LAX','LAX'),(9458,'Economy','American',3267,'2024-11-20','2024-11-23','Los Angeles International Airport','Haneda Airport','09:50:00','15:05:00','https://www.gstatic.com/flights/airline_logos/70px/multi.png','AA 27','Haneda Airport',185,1365,'LAX','HND','HND'),(9459,'Economy','JAL',3267,'2024-11-20','2024-11-23','Haneda Airport','Taipei Songshan Airport','18:10:00','21:00:00','https://www.gstatic.com/flights/airline_logos/70px/multi.png','JL 99','',0,1365,'HND','TSA',''),(9460,'Economy','Hawaiian',5102,'2024-11-20','2024-11-23','San Jose Mineta International Airport','Daniel K. Inouye International Airport','07:15:00','10:55:00','https://www.gstatic.com/flights/airline_logos/70px/multi.png','HA 91','Daniel K. Inouye International Airport',125,1305,'SJC','HNL','HNL'),(9461,'Economy','Hawaiian',5102,'2024-11-20','2024-11-23','Daniel K. Inouye International Airport','Haneda Airport','13:00:00','17:10:00','https://www.gstatic.com/flights/airline_logos/70px/multi.png','HA 863','Haneda Airport',60,1305,'HNL','HND','HND'),(9462,'Economy','JAL',5102,'2024-11-20','2024-11-23','Haneda Airport','Taipei Songshan Airport','18:10:00','21:00:00','https://www.gstatic.com/flights/airline_logos/70px/multi.png','JL 99','',0,1305,'HND','TSA',''),(9463,'Economy','Alaska',6801,'2024-11-20','2024-11-23','San Jose Mineta International Airport','Los Angeles International Airport','18:52:00','20:17:00','https://www.gstatic.com/flights/airline_logos/70px/multi.png','AS 3385','Los Angeles International Airport',228,1538,'SJC','LAX','LAX'),(9464,'Economy','ANA',6801,'2024-11-20','2024-11-23','Los Angeles International Airport','Haneda Airport','00:05:00','05:30:00','https://www.gstatic.com/flights/airline_logos/70px/multi.png','NH 105','Haneda Airport',230,1538,'LAX','HND','HND'),(9465,'Economy','ANA',6801,'2024-11-20','2024-11-23','Haneda Airport','Taipei Songshan Airport','09:20:00','12:30:00','https://www.gstatic.com/flights/airline_logos/70px/multi.png','NH 851','',0,1538,'HND','TSA',''),(9466,'Economy','Alaska',1162,'2024-11-21','2024-11-24','San Jose Mineta International Airport','Los Angeles International Airport','12:49:00','14:14:00','https://www.gstatic.com/flights/airline_logos/70px/multi.png','AS 2254','Los Angeles International Airport',1476,2441,'SJC','LAX','LAX'),(9467,'Economy','China Airlines',1162,'2024-11-21','2024-11-24','Los Angeles International Airport','Taiwan Taoyuan International Airport','14:50:00','21:30:00','https://www.gstatic.com/flights/airline_logos/70px/multi.png','CI 5','',0,2441,'LAX','TPE',''),(9468,'Economy','Alaska',1277,'2024-11-21','2024-11-24','San Jose Mineta International Airport','Los Angeles International Airport','16:59:00','18:24:00','https://www.gstatic.com/flights/airline_logos/70px/multi.png','AS 3382','Los Angeles International Airport',266,1231,'SJC','LAX','LAX'),(9469,'Economy','STARLUX Airlines',1277,'2024-11-21','2024-11-24','Los Angeles International Airport','Taiwan Taoyuan International Airport','22:50:00','05:30:00','https://www.gstatic.com/flights/airline_logos/70px/multi.png','JX 1','',0,1231,'LAX','TPE',''),(9470,'Economy','Alaska',1307,'2024-11-21','2024-11-24','San Jose Mineta International Airport','Los Angeles International Airport','06:15:00','07:40:00','https://www.gstatic.com/flights/airline_logos/70px/multi.png','AS 3363','Los Angeles International Airport',180,1145,'SJC','LAX','LAX'),(9471,'Economy','EVA Air',1307,'2024-11-21','2024-11-24','Los Angeles International Airport','Taiwan Taoyuan International Airport','10:40:00','17:20:00','https://www.gstatic.com/flights/airline_logos/70px/multi.png','BR 5','',0,1145,'LAX','TPE',''),(9472,'Economy','Alaska',1307,'2024-11-21','2024-11-24','San Jose Mineta International Airport','Los Angeles International Airport','12:49:00','14:14:00','https://www.gstatic.com/flights/airline_logos/70px/multi.png','AS 2254','Los Angeles International Airport',501,1466,'SJC','LAX','LAX'),(9473,'Economy','EVA Air',1307,'2024-11-21','2024-11-24','Los Angeles International Airport','Taiwan Taoyuan International Airport','22:35:00','05:15:00','https://www.gstatic.com/flights/airline_logos/70px/multi.png','BR 11','',0,1466,'LAX','TPE',''),(9474,'Economy','Alaska',1364,'2024-11-21','2024-11-24','San Jose Mineta International Airport','Los Angeles International Airport','12:49:00','14:14:00','https://www.gstatic.com/flights/airline_logos/70px/multi.png','AS 2254','Los Angeles International Airport',511,1471,'SJC','LAX','LAX'),(9475,'Economy','China Airlines',1364,'2024-11-21','2024-11-24','Los Angeles International Airport','Taiwan Taoyuan International Airport','22:45:00','05:20:00','https://www.gstatic.com/flights/airline_logos/70px/multi.png','CI 7','',0,1471,'LAX','TPE',''),(9476,'Economy','Alaska',1484,'2024-11-21','2024-11-24','San Jose Mineta International Airport','Los Angeles International Airport','16:59:00','18:24:00','https://www.gstatic.com/flights/airline_logos/70px/multi.png','AS 3382','Los Angeles International Airport',251,1216,'SJC','LAX','LAX'),(9477,'Economy','EVA Air',1484,'2024-11-21','2024-11-24','Los Angeles International Airport','Taiwan Taoyuan International Airport','22:35:00','05:15:00','https://www.gstatic.com/flights/airline_logos/70px/multi.png','BR 11','',0,1216,'LAX','TPE',''),(9478,'Economy','Alaska',1633,'2024-11-21','2024-11-24','San Jose Mineta International Airport','Los Angeles International Airport','18:52:00','20:17:00','https://www.gstatic.com/flights/airline_logos/70px/multi.png','AS 3385','Los Angeles International Airport',138,1103,'SJC','LAX','LAX'),(9479,'Economy','EVA Air',1633,'2024-11-21','2024-11-24','Los Angeles International Airport','Taiwan Taoyuan International Airport','22:35:00','05:15:00','https://www.gstatic.com/flights/airline_logos/70px/multi.png','BR 11','',0,1103,'LAX','TPE',''),(9480,'Economy','Alaska',1664,'2024-11-21','2024-11-24','San Jose Mineta International Airport','Los Angeles International Airport','16:59:00','18:24:00','https://www.gstatic.com/flights/airline_logos/70px/multi.png','AS 3382','Los Angeles International Airport',261,1221,'SJC','LAX','LAX'),(9481,'Economy','China Airlines',1664,'2024-11-21','2024-11-24','Los Angeles International Airport','Taiwan Taoyuan International Airport','22:45:00','05:20:00','https://www.gstatic.com/flights/airline_logos/70px/multi.png','CI 7','',0,1221,'LAX','TPE',''),(9482,'Economy','United',2611,'2024-11-21','2024-11-24','San Jose Mineta International Airport','Denver International Airport','12:55:00','16:32:00','https://www.gstatic.com/flights/airline_logos/70px/multi.png','UA 551','Denver International Airport',180,1470,'SJC','DEN','DEN'),(9483,'Economy','United',2611,'2024-11-21','2024-11-24','Denver International Airport','Vancouver International Airport','19:32:00','21:43:00','https://www.gstatic.com/flights/airline_logos/70px/multi.png','UA 1910','Vancouver International Airport',152,1470,'DEN','YVR','YVR'),(9484,'Economy','EVA Air',2611,'2024-11-21','2024-11-24','Vancouver International Airport','Taiwan Taoyuan International Airport','00:15:00','05:25:00','https://www.gstatic.com/flights/airline_logos/70px/multi.png','BR 9','',0,1470,'YVR','TPE',''),(9485,'Economy','Delta',3039,'2024-11-21','2024-11-24','San Jose Mineta International Airport','Los Angeles International Airport','07:25:00','08:56:00','https://www.gstatic.com/flights/airline_logos/70px/multi.png','DL 3979','Los Angeles International Airport',154,2315,'SJC','LAX','LAX'),(9486,'Economy','China Eastern',3039,'2024-11-21','2024-11-24','Los Angeles International Airport','Shanghai Pudong International Airport','11:30:00','17:45:00','https://www.gstatic.com/flights/airline_logos/70px/multi.png','MU 586','Shanghai Pudong International Airport',1100,2315,'LAX','PVG','PVG'),(9487,'Economy','China Eastern',3039,'2024-11-21','2024-11-24','Shanghai Pudong International Airport','Taiwan Taoyuan International Airport','12:05:00','14:00:00','https://www.gstatic.com/flights/airline_logos/70px/multi.png','MU 5007','',0,2315,'PVG','TPE',''),(9488,'Economy','Delta',3645,'2024-11-21','2024-11-24','San Jose Mineta International Airport','Los Angeles International Airport','07:25:00','08:56:00','https://www.gstatic.com/flights/airline_logos/70px/multi.png','DL 3979','Los Angeles International Airport',154,1350,'SJC','LAX','LAX'),(9489,'Economy','China Eastern',3645,'2024-11-21','2024-11-24','Los Angeles International Airport','Shanghai Pudong International Airport','11:30:00','17:45:00','https://www.gstatic.com/flights/airline_logos/70px/multi.png','MU 586','Shanghai Pudong International Airport',125,1350,'LAX','PVG','PVG'),(9490,'Economy','China Airlines',3645,'2024-11-21','2024-11-24','Shanghai Pudong International Airport','Taiwan Taoyuan International Airport','19:50:00','21:55:00','https://www.gstatic.com/flights/airline_logos/70px/multi.png','CI 504','',0,1350,'PVG','TPE',''),(9491,'First Class','Delta',5542,'2024-11-21','2024-11-24','San Jose Mineta International Airport','Seattle–Tacoma International Airport','10:30:00','13:00:00','https://www.gstatic.com/flights/airline_logos/70px/DL.png','DL 3736','Seattle–Tacoma International Airport',139,1115,'SJC','SEA','SEA'),(9492,'Business Class','Delta',5542,'2024-11-21','2024-11-24','Seattle–Tacoma International Airport','Taiwan Taoyuan International Airport','15:19:00','21:05:00','https://www.gstatic.com/flights/airline_logos/70px/DL.png','DL 69','',0,1115,'SEA','TPE',''),(9493,'Economy','Alaska',7183,'2024-11-21','2024-11-24','San Jose Mineta International Airport','Seattle–Tacoma International Airport','06:15:00','08:37:00','https://www.gstatic.com/flights/airline_logos/70px/multi.png','AS 1079','Seattle–Tacoma International Airport',213,1360,'SJC','SEA','SEA'),(9494,'Premium Economy','JAL',7183,'2024-11-21','2024-11-24','Seattle–Tacoma International Airport','Narita International Airport','12:10:00','15:40:00','https://www.gstatic.com/flights/airline_logos/70px/multi.png','JL 67','Narita International Airport',125,1360,'SEA','NRT','NRT'),(9495,'Economy','China Airlines',7183,'2024-11-21','2024-11-24','Narita International Airport','Taiwan Taoyuan International Airport','17:45:00','20:55:00','https://www.gstatic.com/flights/airline_logos/70px/multi.png','CI 105','',0,1360,'NRT','TPE',''),(9496,'Economy','Delta',787,'2024-11-18','2024-11-21','San Jose Mineta International Airport','Seattle–Tacoma International Airport','10:30:00','13:00:00','https://www.gstatic.com/flights/airline_logos/70px/DL.png','DL 3736','Seattle–Tacoma International Airport',139,1115,'SJC','SEA','SEA'),(9497,'Economy','Delta',787,'2024-11-18','2024-11-21','Seattle–Tacoma International Airport','Taiwan Taoyuan International Airport','15:19:00','21:05:00','https://www.gstatic.com/flights/airline_logos/70px/DL.png','DL 69','',0,1115,'SEA','TPE',''),(9498,'Economy','Alaska',978,'2024-11-18','2024-11-21','San Jose Mineta International Airport','Los Angeles International Airport','18:52:00','20:17:00','https://www.gstatic.com/flights/airline_logos/70px/multi.png','AS 3385','Los Angeles International Airport',148,1108,'SJC','LAX','LAX'),(9499,'Economy','China Airlines',978,'2024-11-18','2024-11-21','Los Angeles International Airport','Taiwan Taoyuan International Airport','22:45:00','05:20:00','https://www.gstatic.com/flights/airline_logos/70px/multi.png','CI 7','',0,1108,'LAX','TPE',''),(9500,'Economy','Alaska',1006,'2024-11-18','2024-11-21','San Jose Mineta International Airport','Los Angeles International Airport','18:52:00','20:17:00','https://www.gstatic.com/flights/airline_logos/70px/multi.png','AS 3385','Los Angeles International Airport',153,1118,'SJC','LAX','LAX'),(9501,'Economy','STARLUX Airlines',1006,'2024-11-18','2024-11-21','Los Angeles International Airport','Taiwan Taoyuan International Airport','22:50:00','05:30:00','https://www.gstatic.com/flights/airline_logos/70px/multi.png','JX 1','',0,1118,'LAX','TPE',''),(9502,'Economy','Alaska',1012,'2024-11-18','2024-11-21','San Jose Mineta International Airport','Los Angeles International Airport','06:15:00','07:40:00','https://www.gstatic.com/flights/airline_logos/70px/multi.png','AS 3363','Los Angeles International Airport',180,1145,'SJC','LAX','LAX'),(9503,'Economy','EVA Air',1012,'2024-11-18','2024-11-21','Los Angeles International Airport','Taiwan Taoyuan International Airport','10:40:00','17:20:00','https://www.gstatic.com/flights/airline_logos/70px/multi.png','BR 5','',0,1145,'LAX','TPE',''),(9504,'Economy','Delta',792,'2024-11-18','2024-11-21','San Jose Mineta International Airport','Seattle–Tacoma International Airport','18:58:00','21:28:00','https://www.gstatic.com/flights/airline_logos/70px/DL.png','DL 3840','Seattle–Tacoma International Airport',1071,2047,'SJC','SEA','SEA'),(9505,'Economy','Delta',792,'2024-11-18','2024-11-21','Seattle–Tacoma International Airport','Taiwan Taoyuan International Airport','15:19:00','21:05:00','https://www.gstatic.com/flights/airline_logos/70px/DL.png','DL 69','',0,2047,'SEA','TPE',''),(9506,'Economy','Alaska',1020,'2024-11-18','2024-11-21','San Jose Mineta International Airport','Los Angeles International Airport','18:52:00','20:17:00','https://www.gstatic.com/flights/airline_logos/70px/multi.png','AS 3385','Los Angeles International Airport',863,1828,'SJC','LAX','LAX'),(9507,'Economy','EVA Air',1020,'2024-11-18','2024-11-21','Los Angeles International Airport','Taiwan Taoyuan International Airport','10:40:00','17:20:00','https://www.gstatic.com/flights/airline_logos/70px/multi.png','BR 5','',0,1828,'LAX','TPE',''),(9508,'Economy','Delta',1093,'2024-11-18','2024-11-21','San Jose Mineta International Airport','Los Angeles International Airport','18:00:00','19:26:00','https://www.gstatic.com/flights/airline_logos/70px/multi.png','DL 3969','Los Angeles International Airport',199,1160,'SJC','LAX','LAX'),(9509,'Economy','China Airlines',1093,'2024-11-18','2024-11-21','Los Angeles International Airport','Taiwan Taoyuan International Airport','22:45:00','05:20:00','https://www.gstatic.com/flights/airline_logos/70px/multi.png','CI 7','',0,1160,'LAX','TPE',''),(9510,'Economy','Delta',1104,'2024-11-18','2024-11-21','San Jose Mineta International Airport','Los Angeles International Airport','18:00:00','19:26:00','https://www.gstatic.com/flights/airline_logos/70px/multi.png','DL 3969','Los Angeles International Airport',194,1500,'SJC','LAX','LAX'),(9511,'Economy','Korean Air',1104,'2024-11-18','2024-11-21','Los Angeles International Airport','Incheon International Airport','22:40:00','05:10:00','https://www.gstatic.com/flights/airline_logos/70px/multi.png','KE 12','Incheon International Airport',230,1500,'LAX','ICN','ICN'),(9512,'Economy','Korean Air',1104,'2024-11-18','2024-11-21','Incheon International Airport','Taiwan Taoyuan International Airport','09:00:00','11:00:00','https://www.gstatic.com/flights/airline_logos/70px/multi.png','KE 185','',0,1500,'ICN','TPE',''),(9513,'Economy','Alaska',1127,'2024-11-18','2024-11-21','San Jose Mineta International Airport','Seattle–Tacoma International Airport','17:56:00','20:14:00','https://www.gstatic.com/flights/airline_logos/70px/multi.png','AS 1185','Seattle–Tacoma International Airport',236,1164,'SJC','SEA','SEA'),(9514,'Economy','EVA Air',1127,'2024-11-18','2024-11-21','Seattle–Tacoma International Airport','Taiwan Taoyuan International Airport','00:10:00','05:20:00','https://www.gstatic.com/flights/airline_logos/70px/multi.png','BR 25','',0,1164,'SEA','TPE',''),(9515,'Economy','Alaska',1267,'2024-11-18','2024-11-21','San Jose Mineta International Airport','Los Angeles International Airport','18:52:00','20:17:00','https://www.gstatic.com/flights/airline_logos/70px/multi.png','AS 3385','Los Angeles International Airport',138,1103,'SJC','LAX','LAX'),(9516,'Economy','EVA Air',1267,'2024-11-18','2024-11-21','Los Angeles International Airport','Taiwan Taoyuan International Airport','22:35:00','05:15:00','https://www.gstatic.com/flights/airline_logos/70px/multi.png','BR 11','',0,1103,'LAX','TPE',''),(9517,'Business Class','United',3287,'2024-11-18','2024-11-21','San Jose Mineta International Airport','Denver International Airport','12:55:00','16:32:00','https://www.gstatic.com/flights/airline_logos/70px/multi.png','UA 551','Denver International Airport',180,1470,'SJC','DEN','DEN'),(9518,'Business Class','United',3287,'2024-11-18','2024-11-21','Denver International Airport','Vancouver International Airport','19:32:00','21:43:00','https://www.gstatic.com/flights/airline_logos/70px/multi.png','UA 1910','Vancouver International Airport',152,1470,'DEN','YVR','YVR'),(9519,'Economy','EVA Air',3287,'2024-11-18','2024-11-21','Vancouver International Airport','Taiwan Taoyuan International Airport','00:15:00','05:25:00','https://www.gstatic.com/flights/airline_logos/70px/multi.png','BR 9','',0,1470,'YVR','TPE',''),(9520,'Economy','Alaska',5651,'2024-11-18','2024-11-21','San Jose Mineta International Airport','Seattle–Tacoma International Airport','06:15:00','08:37:00','https://www.gstatic.com/flights/airline_logos/70px/multi.png','AS 1079','Seattle–Tacoma International Airport',213,1360,'SJC','SEA','SEA'),(9521,'Premium Economy','JAL',5651,'2024-11-18','2024-11-21','Seattle–Tacoma International Airport','Narita International Airport','12:10:00','15:40:00','https://www.gstatic.com/flights/airline_logos/70px/multi.png','JL 67','Narita International Airport',125,1360,'SEA','NRT','NRT'),(9522,'Economy','China Airlines',5651,'2024-11-18','2024-11-21','Narita International Airport','Taiwan Taoyuan International Airport','17:45:00','20:55:00','https://www.gstatic.com/flights/airline_logos/70px/multi.png','CI 105','',0,1360,'NRT','TPE',''),(9523,'Economy','Delta',787,'2024-11-19','2024-11-22','San Jose Mineta International Airport','Seattle–Tacoma International Airport','10:30:00','13:00:00','https://www.gstatic.com/flights/airline_logos/70px/DL.png','DL 3736','Seattle–Tacoma International Airport',139,1115,'SJC','SEA','SEA'),(9524,'Economy','Delta',787,'2024-11-19','2024-11-22','Seattle–Tacoma International Airport','Taiwan Taoyuan International Airport','15:19:00','21:05:00','https://www.gstatic.com/flights/airline_logos/70px/DL.png','DL 69','',0,1115,'SEA','TPE',''),(9525,'Economy','Alaska',1010,'2024-11-19','2024-11-22','San Jose Mineta International Airport','Seattle–Tacoma International Airport','17:56:00','20:14:00','https://www.gstatic.com/flights/airline_logos/70px/multi.png','AS 1185','Seattle–Tacoma International Airport',236,1164,'SJC','SEA','SEA'),(9526,'Economy','China Airlines',1010,'2024-11-19','2024-11-22','Seattle–Tacoma International Airport','Taiwan Taoyuan International Airport','00:10:00','05:20:00','https://www.gstatic.com/flights/airline_logos/70px/multi.png','CI 21','',0,1164,'SEA','TPE',''),(9527,'Economy','Alaska',1052,'2024-11-19','2024-11-22','San Jose Mineta International Airport','Los Angeles International Airport','06:15:00','07:40:00','https://www.gstatic.com/flights/airline_logos/70px/multi.png','AS 3363','Los Angeles International Airport',180,1145,'SJC','LAX','LAX'),(9528,'Economy','EVA Air',1052,'2024-11-19','2024-11-22','Los Angeles International Airport','Taiwan Taoyuan International Airport','10:40:00','17:20:00','https://www.gstatic.com/flights/airline_logos/70px/multi.png','BR 5','',0,1145,'LAX','TPE',''),(9529,'Economy','Alaska',1172,'2024-11-19','2024-11-22','San Jose Mineta International Airport','Los Angeles International Airport','18:52:00','20:17:00','https://www.gstatic.com/flights/airline_logos/70px/multi.png','AS 3385','Los Angeles International Airport',153,1118,'SJC','LAX','LAX'),(9530,'Economy','STARLUX Airlines',1172,'2024-11-19','2024-11-22','Los Angeles International Airport','Taiwan Taoyuan International Airport','22:50:00','05:30:00','https://www.gstatic.com/flights/airline_logos/70px/multi.png','JX 1','',0,1118,'LAX','TPE',''),(9531,'Economy','Alaska',1225,'2024-11-19','2024-11-22','San Jose Mineta International Airport','Los Angeles International Airport','18:52:00','20:17:00','https://www.gstatic.com/flights/airline_logos/70px/multi.png','AS 3385','Los Angeles International Airport',148,1108,'SJC','LAX','LAX'),(9532,'Economy','China Airlines',1225,'2024-11-19','2024-11-22','Los Angeles International Airport','Taiwan Taoyuan International Airport','22:45:00','05:20:00','https://www.gstatic.com/flights/airline_logos/70px/multi.png','CI 7','',0,1108,'LAX','TPE',''),(9533,'Economy','Delta',1246,'2024-11-19','2024-11-22','San Jose Mineta International Airport','Los Angeles International Airport','16:06:00','17:35:00','https://www.gstatic.com/flights/airline_logos/70px/multi.png','DL 3842','Los Angeles International Airport',1275,2244,'SJC','LAX','LAX'),(9534,'Economy','China Airlines',1246,'2024-11-19','2024-11-22','Los Angeles International Airport','Taiwan Taoyuan International Airport','14:50:00','21:30:00','https://www.gstatic.com/flights/airline_logos/70px/multi.png','CI 5','',0,2244,'LAX','TPE',''),(9535,'Economy','Alaska',1307,'2024-11-19','2024-11-22','San Jose Mineta International Airport','Los Angeles International Airport','18:52:00','20:17:00','https://www.gstatic.com/flights/airline_logos/70px/multi.png','AS 3385','Los Angeles International Airport',138,1103,'SJC','LAX','LAX'),(9536,'Economy','EVA Air',1307,'2024-11-19','2024-11-22','Los Angeles International Airport','Taiwan Taoyuan International Airport','22:35:00','05:15:00','https://www.gstatic.com/flights/airline_logos/70px/multi.png','BR 11','',0,1103,'LAX','TPE',''),(9537,'Economy','Delta',1340,'2024-11-19','2024-11-22','San Jose Mineta International Airport','Los Angeles International Airport','16:06:00','17:35:00','https://www.gstatic.com/flights/airline_logos/70px/multi.png','DL 3842','Los Angeles International Airport',310,1274,'SJC','LAX','LAX'),(9538,'Economy','China Airlines',1340,'2024-11-19','2024-11-22','Los Angeles International Airport','Taiwan Taoyuan International Airport','22:45:00','05:20:00','https://www.gstatic.com/flights/airline_logos/70px/multi.png','CI 7','',0,1274,'LAX','TPE',''),(9539,'Economy','Delta',1439,'2024-11-19','2024-11-22','San Jose Mineta International Airport','Los Angeles International Airport','07:25:00','08:56:00','https://www.gstatic.com/flights/airline_logos/70px/multi.png','DL 3979','Los Angeles International Airport',154,2315,'SJC','LAX','LAX'),(9540,'Economy','China Eastern',1439,'2024-11-19','2024-11-22','Los Angeles International Airport','Shanghai Pudong International Airport','11:30:00','17:45:00','https://www.gstatic.com/flights/airline_logos/70px/multi.png','MU 586','Shanghai Pudong International Airport',1100,2315,'LAX','PVG','PVG'),(9541,'Economy','China Eastern',1439,'2024-11-19','2024-11-22','Shanghai Pudong International Airport','Taiwan Taoyuan International Airport','12:05:00','14:00:00','https://www.gstatic.com/flights/airline_logos/70px/multi.png','MU 5007','',0,2315,'PVG','TPE',''),(9542,'Economy','Hawaiian',1669,'2024-11-19','2024-11-22','San Jose Mineta International Airport','Daniel K. Inouye International Airport','07:15:00','10:55:00','https://www.gstatic.com/flights/airline_logos/70px/multi.png','HA 91','Daniel K. Inouye International Airport',120,1385,'SJC','HNL','HNL'),(9543,'Economy','Hawaiian',1669,'2024-11-19','2024-11-22','Daniel K. Inouye International Airport','Fukuoka Airport','12:55:00','18:40:00','https://www.gstatic.com/flights/airline_logos/70px/multi.png','HA 827','Fukuoka Airport',115,1385,'HNL','FUK','FUK'),(9544,'Economy','China Airlines',1669,'2024-11-19','2024-11-22','Fukuoka Airport','Taiwan Taoyuan International Airport','20:35:00','22:20:00','https://www.gstatic.com/flights/airline_logos/70px/multi.png','CI 117','',0,1385,'FUK','TPE',''),(9545,'Economy','Delta',2034,'2024-11-19','2024-11-22','San Jose Mineta International Airport','Los Angeles International Airport','07:25:00','08:56:00','https://www.gstatic.com/flights/airline_logos/70px/multi.png','DL 3979','Los Angeles International Airport',154,1350,'SJC','LAX','LAX'),(9546,'Economy','China Eastern',2034,'2024-11-19','2024-11-22','Los Angeles International Airport','Shanghai Pudong International Airport','11:30:00','17:45:00','https://www.gstatic.com/flights/airline_logos/70px/multi.png','MU 586','Shanghai Pudong International Airport',125,1350,'LAX','PVG','PVG'),(9547,'Economy','China Airlines',2034,'2024-11-19','2024-11-22','Shanghai Pudong International Airport','Taiwan Taoyuan International Airport','19:50:00','21:55:00','https://www.gstatic.com/flights/airline_logos/70px/multi.png','CI 504','',0,1350,'PVG','TPE',''),(9548,'Economy','Hawaiian',3483,'2024-11-19','2024-11-22','San Jose Mineta International Airport','Daniel K. Inouye International Airport','07:15:00','10:55:00','https://www.gstatic.com/flights/airline_logos/70px/multi.png','HA 91','Daniel K. Inouye International Airport',65,1300,'SJC','HNL','HNL'),(9549,'Economy','Hawaiian',3483,'2024-11-19','2024-11-22','Daniel K. Inouye International Airport','Narita International Airport','12:00:00','16:00:00','https://www.gstatic.com/flights/airline_logos/70px/multi.png','HA 821','Narita International Airport',105,1300,'HNL','NRT','NRT'),(9550,'Economy','China Airlines',3483,'2024-11-19','2024-11-22','Narita International Airport','Taiwan Taoyuan International Airport','17:45:00','20:55:00','https://www.gstatic.com/flights/airline_logos/70px/multi.png','CI 105','',0,1300,'NRT','TPE',''),(9551,'Economy','Delta',4736,'2024-11-19','2024-11-22','San Jose Mineta International Airport','Los Angeles International Airport','07:25:00','08:56:00','https://www.gstatic.com/flights/airline_logos/70px/multi.png','DL 3979','Los Angeles International Airport',114,1360,'SJC','LAX','LAX'),(9552,'Economy','Korean Air',4736,'2024-11-19','2024-11-22','Los Angeles International Airport','Incheon International Airport','10:50:00','17:40:00','https://www.gstatic.com/flights/airline_logos/70px/multi.png','KE 18','Incheon International Airport',155,1360,'LAX','ICN','ICN'),(9553,'Economy','China Airlines',4736,'2024-11-19','2024-11-22','Incheon International Airport','Taiwan Taoyuan International Airport','20:15:00','22:05:00','https://www.gstatic.com/flights/airline_logos/70px/multi.png','CI 163','',0,1360,'ICN','TPE',''),(9554,'Economy','Alaska',1162,'2024-11-21','2024-11-23','San Jose Mineta International Airport','Los Angeles International Airport','12:49:00','14:14:00','https://www.gstatic.com/flights/airline_logos/70px/multi.png','AS 2254','Los Angeles International Airport',1476,2441,'SJC','LAX','LAX'),(9555,'Economy','China Airlines',1162,'2024-11-21','2024-11-23','Los Angeles International Airport','Taiwan Taoyuan International Airport','14:50:00','21:30:00','https://www.gstatic.com/flights/airline_logos/70px/multi.png','CI 5','',0,2441,'LAX','TPE',''),(9556,'Economy','Alaska',1261,'2024-11-21','2024-11-23','San Jose Mineta International Airport','Los Angeles International Airport','16:59:00','18:24:00','https://www.gstatic.com/flights/airline_logos/70px/multi.png','AS 3382','Los Angeles International Airport',266,1231,'SJC','LAX','LAX'),(9557,'Economy','STARLUX Airlines',1261,'2024-11-21','2024-11-23','Los Angeles International Airport','Taiwan Taoyuan International Airport','22:50:00','05:30:00','https://www.gstatic.com/flights/airline_logos/70px/multi.png','JX 1','',0,1231,'LAX','TPE',''),(9558,'Economy','Alaska',1307,'2024-11-21','2024-11-23','San Jose Mineta International Airport','Los Angeles International Airport','06:15:00','07:40:00','https://www.gstatic.com/flights/airline_logos/70px/multi.png','AS 3363','Los Angeles International Airport',180,1145,'SJC','LAX','LAX'),(9559,'Economy','EVA Air',1307,'2024-11-21','2024-11-23','Los Angeles International Airport','Taiwan Taoyuan International Airport','10:40:00','17:20:00','https://www.gstatic.com/flights/airline_logos/70px/multi.png','BR 5','',0,1145,'LAX','TPE',''),(9560,'Economy','Alaska',1307,'2024-11-21','2024-11-23','San Jose Mineta International Airport','Los Angeles International Airport','12:49:00','14:14:00','https://www.gstatic.com/flights/airline_logos/70px/multi.png','AS 2254','Los Angeles International Airport',501,1466,'SJC','LAX','LAX'),(9561,'Economy','EVA Air',1307,'2024-11-21','2024-11-23','Los Angeles International Airport','Taiwan Taoyuan International Airport','22:35:00','05:15:00','https://www.gstatic.com/flights/airline_logos/70px/multi.png','BR 11','',0,1466,'LAX','TPE',''),(9562,'Economy','Alaska',1364,'2024-11-21','2024-11-23','San Jose Mineta International Airport','Los Angeles International Airport','12:49:00','14:14:00','https://www.gstatic.com/flights/airline_logos/70px/multi.png','AS 2254','Los Angeles International Airport',511,1471,'SJC','LAX','LAX'),(9563,'Economy','China Airlines',1364,'2024-11-21','2024-11-23','Los Angeles International Airport','Taiwan Taoyuan International Airport','22:45:00','05:20:00','https://www.gstatic.com/flights/airline_logos/70px/multi.png','CI 7','',0,1471,'LAX','TPE',''),(9564,'Economy','Alaska',1484,'2024-11-21','2024-11-23','San Jose Mineta International Airport','Los Angeles International Airport','16:59:00','18:24:00','https://www.gstatic.com/flights/airline_logos/70px/multi.png','AS 3382','Los Angeles International Airport',251,1216,'SJC','LAX','LAX'),(9565,'Economy','EVA Air',1484,'2024-11-21','2024-11-23','Los Angeles International Airport','Taiwan Taoyuan International Airport','22:35:00','05:15:00','https://www.gstatic.com/flights/airline_logos/70px/multi.png','BR 11','',0,1216,'LAX','TPE',''),(9566,'Economy','Alaska',1633,'2024-11-21','2024-11-23','San Jose Mineta International Airport','Los Angeles International Airport','18:52:00','20:17:00','https://www.gstatic.com/flights/airline_logos/70px/multi.png','AS 3385','Los Angeles International Airport',138,1103,'SJC','LAX','LAX'),(9567,'Economy','EVA Air',1633,'2024-11-21','2024-11-23','Los Angeles International Airport','Taiwan Taoyuan International Airport','22:35:00','05:15:00','https://www.gstatic.com/flights/airline_logos/70px/multi.png','BR 11','',0,1103,'LAX','TPE',''),(9568,'Economy','Alaska',1664,'2024-11-21','2024-11-23','San Jose Mineta International Airport','Los Angeles International Airport','16:59:00','18:24:00','https://www.gstatic.com/flights/airline_logos/70px/multi.png','AS 3382','Los Angeles International Airport',261,1221,'SJC','LAX','LAX'),(9569,'Economy','China Airlines',1664,'2024-11-21','2024-11-23','Los Angeles International Airport','Taiwan Taoyuan International Airport','22:45:00','05:20:00','https://www.gstatic.com/flights/airline_logos/70px/multi.png','CI 7','',0,1221,'LAX','TPE',''),(9570,'Economy','Delta',3039,'2024-11-21','2024-11-23','San Jose Mineta International Airport','Los Angeles International Airport','07:25:00','08:56:00','https://www.gstatic.com/flights/airline_logos/70px/multi.png','DL 3979','Los Angeles International Airport',154,2315,'SJC','LAX','LAX'),(9571,'Economy','China Eastern',3039,'2024-11-21','2024-11-23','Los Angeles International Airport','Shanghai Pudong International Airport','11:30:00','17:45:00','https://www.gstatic.com/flights/airline_logos/70px/multi.png','MU 586','Shanghai Pudong International Airport',1100,2315,'LAX','PVG','PVG'),(9572,'Economy','China Eastern',3039,'2024-11-21','2024-11-23','Shanghai Pudong International Airport','Taiwan Taoyuan International Airport','12:05:00','14:00:00','https://www.gstatic.com/flights/airline_logos/70px/multi.png','MU 5007','',0,2315,'PVG','TPE',''),(9573,'Economy','Delta',3573,'2024-11-21','2024-11-23','San Jose Mineta International Airport','Los Angeles International Airport','07:25:00','08:56:00','https://www.gstatic.com/flights/airline_logos/70px/multi.png','DL 3979','Los Angeles International Airport',154,1350,'SJC','LAX','LAX'),(9574,'Economy','China Eastern',3573,'2024-11-21','2024-11-23','Los Angeles International Airport','Shanghai Pudong International Airport','11:30:00','17:45:00','https://www.gstatic.com/flights/airline_logos/70px/multi.png','MU 586','Shanghai Pudong International Airport',125,1350,'LAX','PVG','PVG'),(9575,'Economy','China Airlines',3573,'2024-11-21','2024-11-23','Shanghai Pudong International Airport','Taiwan Taoyuan International Airport','19:50:00','21:55:00','https://www.gstatic.com/flights/airline_logos/70px/multi.png','CI 504','',0,1350,'PVG','TPE',''),(9576,'Economy','Alaska',4611,'2024-11-21','2024-11-23','San Jose Mineta International Airport','Seattle–Tacoma International Airport','06:15:00','08:37:00','https://www.gstatic.com/flights/airline_logos/70px/multi.png','AS 1079','Seattle–Tacoma International Airport',213,1360,'SJC','SEA','SEA'),(9577,'Premium Economy','JAL',4611,'2024-11-21','2024-11-23','Seattle–Tacoma International Airport','Narita International Airport','12:10:00','15:40:00','https://www.gstatic.com/flights/airline_logos/70px/multi.png','JL 67','Narita International Airport',125,1360,'SEA','NRT','NRT'),(9578,'Economy','China Airlines',4611,'2024-11-21','2024-11-23','Narita International Airport','Taiwan Taoyuan International Airport','17:45:00','20:55:00','https://www.gstatic.com/flights/airline_logos/70px/multi.png','CI 105','',0,1360,'NRT','TPE',''),(9579,'First Class','Delta',6712,'2024-11-21','2024-11-23','San Jose Mineta International Airport','Seattle–Tacoma International Airport','10:30:00','13:00:00','https://www.gstatic.com/flights/airline_logos/70px/DL.png','DL 3736','Seattle–Tacoma International Airport',139,1115,'SJC','SEA','SEA'),(9580,'Business Class','Delta',6712,'2024-11-21','2024-11-23','Seattle–Tacoma International Airport','Taiwan Taoyuan International Airport','15:19:00','21:05:00','https://www.gstatic.com/flights/airline_logos/70px/DL.png','DL 69','',0,1115,'SEA','TPE',''),(9581,'Economy','Delta',16712,'2024-11-21','2024-11-23','San Jose Mineta International Airport','Los Angeles International Airport','18:00:00','19:26:00','https://www.gstatic.com/flights/airline_logos/70px/multi.png','DL 3969','Los Angeles International Airport',194,1530,'SJC','LAX','LAX'),(9582,'First Class','Korean Air',16712,'2024-11-21','2024-11-23','Los Angeles International Airport','Incheon International Airport','22:40:00','05:10:00','https://www.gstatic.com/flights/airline_logos/70px/multi.png','KE 12','Incheon International Airport',270,1530,'LAX','ICN','ICN'),(9583,'Economy','Jin Air',16712,'2024-11-21','2024-11-23','Incheon International Airport','Taiwan Taoyuan International Airport','09:40:00','11:30:00','https://www.gstatic.com/flights/airline_logos/70px/multi.png','LJ 731','',0,1530,'ICN','TPE',''),(9584,'Economy','Hawaiian',1323,'2024-11-20','2024-11-28','San Jose Mineta International Airport','Kahului Airport','08:25:00','11:55:00','https://www.gstatic.com/flights/airline_logos/70px/HA.png','HA 45','Kahului Airport',1205,2420,'SJC','OGG','OGG'),(9585,'Economy','Hawaiian',1323,'2024-11-20','2024-11-28','Kahului Airport','Daniel K. Inouye International Airport','08:00:00','08:41:00','https://www.gstatic.com/flights/airline_logos/70px/HA.png','HA 145','Daniel K. Inouye International Airport',189,2420,'OGG','HNL','HNL'),(9586,'Economy','Hawaiian',1323,'2024-11-20','2024-11-28','Daniel K. Inouye International Airport','Sydney Airport','11:50:00','19:45:00','https://www.gstatic.com/flights/airline_logos/70px/HA.png','HA 451','',0,2420,'HNL','SYD',''),(9587,'Economy','Hawaiian',1376,'2024-11-20','2024-11-28','San Jose Mineta International Airport','Daniel K. Inouye International Airport','07:15:00','10:55:00','https://www.gstatic.com/flights/airline_logos/70px/HA.png','HA 91','Daniel K. Inouye International Airport',55,1050,'SJC','HNL','HNL'),(9588,'Economy','Hawaiian',1376,'2024-11-20','2024-11-28','Daniel K. Inouye International Airport','Sydney Airport','11:50:00','19:45:00','https://www.gstatic.com/flights/airline_logos/70px/HA.png','HA 451','',0,1050,'HNL','SYD',''),(9589,'Economy','Delta',1868,'2024-11-20','2024-11-28','San Jose Mineta International Airport','Los Angeles International Airport','18:00:00','19:26:00','https://www.gstatic.com/flights/airline_logos/70px/DL.png','DL 3969','Los Angeles International Airport',174,1175,'SJC','LAX','LAX'),(9590,'Economy','Delta',1868,'2024-11-20','2024-11-28','Los Angeles International Airport','Sydney Airport','22:20:00','08:35:00','https://www.gstatic.com/flights/airline_logos/70px/DL.png','DL 41','',0,1175,'LAX','SYD',''),(9591,'Economy','Alaska',2665,'2024-11-20','2024-11-28','San Jose Mineta International Airport','Los Angeles International Airport','18:52:00','20:17:00','https://www.gstatic.com/flights/airline_logos/70px/multi.png','AS 3385','Los Angeles International Airport',143,1148,'SJC','LAX','LAX'),(9592,'Economy','American',2665,'2024-11-20','2024-11-28','Los Angeles International Airport','Sydney Airport','22:40:00','09:00:00','https://www.gstatic.com/flights/airline_logos/70px/multi.png','AA 73','',0,1148,'LAX','SYD',''),(9593,'Economy','Alaska',1833,'2024-11-20','2024-11-28','San Jose Mineta International Airport','Daniel K. Inouye International Airport','11:24:00','14:56:00','https://www.gstatic.com/flights/airline_logos/70px/multi.png','AS 837','Daniel K. Inouye International Airport',1254,2241,'SJC','HNL','HNL'),(9594,'Economy','Hawaiian',1833,'2024-11-20','2024-11-28','Daniel K. Inouye International Airport','Sydney Airport','11:50:00','19:45:00','https://www.gstatic.com/flights/airline_logos/70px/multi.png','HA 451','',0,2241,'HNL','SYD',''),(9595,'Economy','United',1984,'2024-11-20','2024-11-28','San Jose Mineta International Airport','Denver International Airport','12:55:00','16:32:00','https://www.gstatic.com/flights/airline_logos/70px/UA.png','UA 551','Denver International Airport',68,1510,'SJC','DEN','DEN'),(9596,'Economy','United',1984,'2024-11-20','2024-11-28','Denver International Airport','Los Angeles International Airport','17:40:00','19:14:00','https://www.gstatic.com/flights/airline_logos/70px/UA.png','UA 2240','Los Angeles International Airport',206,1510,'DEN','LAX','LAX'),(9597,'Economy','United',1984,'2024-11-20','2024-11-28','Los Angeles International Airport','Sydney Airport','22:40:00','09:05:00','https://www.gstatic.com/flights/airline_logos/70px/UA.png','UA 839','',0,1510,'LAX','SYD',''),(9598,'Economy','United',1984,'2024-11-20','2024-11-28','San Jose Mineta International Airport','Denver International Airport','12:55:00','16:32:00','https://www.gstatic.com/flights/airline_logos/70px/UA.png','UA 551','Denver International Airport',193,1510,'SJC','DEN','DEN'),(9599,'Economy','United',1984,'2024-11-20','2024-11-28','Denver International Airport','Los Angeles International Airport','19:45:00','21:19:00','https://www.gstatic.com/flights/airline_logos/70px/UA.png','UA 1368','Los Angeles International Airport',81,1510,'DEN','LAX','LAX'),(9600,'Economy','United',1984,'2024-11-20','2024-11-28','Los Angeles International Airport','Sydney Airport','22:40:00','09:05:00','https://www.gstatic.com/flights/airline_logos/70px/UA.png','UA 839','',0,1510,'LAX','SYD',''),(9601,'Economy','Alaska',2318,'2024-11-20','2024-11-28','San Jose Mineta International Airport','San Diego International Airport','14:50:00','16:17:00','https://www.gstatic.com/flights/airline_logos/70px/multi.png','AS 3496','San Diego International Airport',272,1395,'SJC','SAN','SAN'),(9602,'Economy','United',2318,'2024-11-20','2024-11-28','San Diego International Airport','Los Angeles International Airport','20:49:00','21:55:00','https://www.gstatic.com/flights/airline_logos/70px/multi.png','UA 5636','Los Angeles International Airport',45,1395,'SAN','LAX','LAX'),(9603,'Economy','United',2318,'2024-11-20','2024-11-28','Los Angeles International Airport','Sydney Airport','22:40:00','09:05:00','https://www.gstatic.com/flights/airline_logos/70px/multi.png','UA 839','',0,1395,'LAX','SYD',''),(9604,'Economy','American',2487,'2024-11-20','2024-11-28','San Jose Mineta International Airport','Dallas Fort Worth International Airport','11:55:00','17:23:00','https://www.gstatic.com/flights/airline_logos/70px/multi.png','AA 2046','Dallas Fort Worth International Airport',182,1420,'SJC','DFW','DFW'),(9605,'Economy','Qantas',2487,'2024-11-20','2024-11-28','Dallas Fort Worth International Airport','Sydney Airport','20:25:00','06:35:00','https://www.gstatic.com/flights/airline_logos/70px/multi.png','QF 8','',0,1420,'DFW','SYD',''),(9606,'Economy','American',2487,'2024-11-20','2024-11-28','San Jose Mineta International Airport','Phoenix Sky Harbor International Airport','12:43:00','15:47:00','https://www.gstatic.com/flights/airline_logos/70px/multi.png','AA 3851','Phoenix Sky Harbor International Airport',128,1422,'SJC','PHX','PHX'),(9607,'Economy','American',2487,'2024-11-20','2024-11-28','Phoenix Sky Harbor International Airport','Los Angeles International Airport','17:55:00','18:27:00','https://www.gstatic.com/flights/airline_logos/70px/multi.png','AA 2930','Los Angeles International Airport',173,1422,'PHX','LAX','LAX'),(9608,'Economy','Qantas',2487,'2024-11-20','2024-11-28','Los Angeles International Airport','Sydney Airport','21:20:00','07:25:00','https://www.gstatic.com/flights/airline_logos/70px/multi.png','QF 12','',0,1422,'LAX','SYD',''),(9609,'Economy','Alaska',2496,'2024-11-20','2024-11-28','San Jose Mineta International Airport','Seattle–Tacoma International Airport','15:07:00','17:25:00','https://www.gstatic.com/flights/airline_logos/70px/multi.png','AS 1046','Seattle–Tacoma International Airport',109,1373,'SJC','SEA','SEA'),(9610,'Economy','American',2496,'2024-11-20','2024-11-28','Seattle–Tacoma International Airport','Los Angeles International Airport','19:14:00','22:00:00','https://www.gstatic.com/flights/airline_logos/70px/multi.png','AA 4882','Los Angeles International Airport',40,1373,'SEA','LAX','LAX'),(9611,'Economy','American',2496,'2024-11-20','2024-11-28','Los Angeles International Airport','Sydney Airport','22:40:00','09:00:00','https://www.gstatic.com/flights/airline_logos/70px/multi.png','AA 73','',0,1373,'LAX','SYD',''),(9612,'Economy','Alaska',2515,'2024-11-20','2024-11-28','San Jose Mineta International Airport','Los Angeles International Airport','10:11:00','11:36:00','https://www.gstatic.com/flights/airline_logos/70px/multi.png','AS 3438','Los Angeles International Airport',664,1669,'SJC','LAX','LAX'),(9613,'Economy','American',2515,'2024-11-20','2024-11-28','Los Angeles International Airport','Sydney Airport','22:40:00','09:00:00','https://www.gstatic.com/flights/airline_logos/70px/multi.png','AA 73','',0,1669,'LAX','SYD',''),(9614,'Economy','Delta',787,'2024-11-20','2024-11-23','San Jose Mineta International Airport','Seattle–Tacoma International Airport','10:30:00','13:00:00','https://www.gstatic.com/flights/airline_logos/70px/DL.png','DL 3736','Seattle–Tacoma International Airport',139,1115,'SJC','SEA','SEA'),(9615,'Economy','Delta',787,'2024-11-20','2024-11-23','Seattle–Tacoma International Airport','Taiwan Taoyuan International Airport','15:19:00','21:05:00','https://www.gstatic.com/flights/airline_logos/70px/DL.png','DL 69','',0,1115,'SEA','TPE',''),(9616,'Economy','Alaska',1114,'2024-11-20','2024-11-23','San Jose Mineta International Airport','Los Angeles International Airport','10:11:00','11:36:00','https://www.gstatic.com/flights/airline_logos/70px/multi.png','AS 3438','Los Angeles International Airport',194,1159,'SJC','LAX','LAX'),(9617,'Economy','China Airlines',1114,'2024-11-20','2024-11-23','Los Angeles International Airport','Taiwan Taoyuan International Airport','14:50:00','21:30:00','https://www.gstatic.com/flights/airline_logos/70px/multi.png','CI 5','',0,1159,'LAX','TPE',''),(9618,'Economy','Alaska',1172,'2024-11-20','2024-11-23','San Jose Mineta International Airport','Los Angeles International Airport','18:52:00','20:17:00','https://www.gstatic.com/flights/airline_logos/70px/multi.png','AS 3385','Los Angeles International Airport',138,1103,'SJC','LAX','LAX'),(9619,'Economy','EVA Air',1172,'2024-11-20','2024-11-23','Los Angeles International Airport','Taiwan Taoyuan International Airport','22:35:00','05:15:00','https://www.gstatic.com/flights/airline_logos/70px/multi.png','BR 11','',0,1103,'LAX','TPE',''),(9620,'Economy','Alaska',1181,'2024-11-20','2024-11-23','San Jose Mineta International Airport','Los Angeles International Airport','18:52:00','20:17:00','https://www.gstatic.com/flights/airline_logos/70px/multi.png','AS 3385','Los Angeles International Airport',153,1118,'SJC','LAX','LAX'),(9621,'Economy','STARLUX Airlines',1181,'2024-11-20','2024-11-23','Los Angeles International Airport','Taiwan Taoyuan International Airport','22:50:00','05:30:00','https://www.gstatic.com/flights/airline_logos/70px/multi.png','JX 1','',0,1118,'LAX','TPE',''),(9622,'Economy','Delta',1229,'2024-11-20','2024-11-23','San Jose Mineta International Airport','Los Angeles International Airport','07:25:00','08:56:00','https://www.gstatic.com/flights/airline_logos/70px/multi.png','DL 3979','Los Angeles International Airport',354,1325,'SJC','LAX','LAX'),(9623,'Economy','China Airlines',1229,'2024-11-20','2024-11-23','Los Angeles International Airport','Taiwan Taoyuan International Airport','14:50:00','21:30:00','https://www.gstatic.com/flights/airline_logos/70px/multi.png','CI 5','',0,1325,'LAX','TPE',''),(9624,'Economy','Alaska',1137,'2024-11-20','2024-11-23','San Jose Mineta International Airport','Seattle–Tacoma International Airport','15:07:00','17:25:00','https://www.gstatic.com/flights/airline_logos/70px/multi.png','AS 1046','Seattle–Tacoma International Airport',405,1333,'SJC','SEA','SEA'),(9625,'Economy','EVA Air',1137,'2024-11-20','2024-11-23','Seattle–Tacoma International Airport','Taiwan Taoyuan International Airport','00:10:00','05:20:00','https://www.gstatic.com/flights/airline_logos/70px/multi.png','BR 25','',0,1333,'SEA','TPE',''),(9626,'Economy','Alaska',1284,'2024-11-20','2024-11-23','San Jose Mineta International Airport','Los Angeles International Airport','18:52:00','20:17:00','https://www.gstatic.com/flights/airline_logos/70px/multi.png','AS 3385','Los Angeles International Airport',148,1108,'SJC','LAX','LAX'),(9627,'Economy','China Airlines',1284,'2024-11-20','2024-11-23','Los Angeles International Airport','Taiwan Taoyuan International Airport','22:45:00','05:20:00','https://www.gstatic.com/flights/airline_logos/70px/multi.png','CI 7','',0,1108,'LAX','TPE',''),(9628,'Economy','Alaska',1307,'2024-11-20','2024-11-23','San Jose Mineta International Airport','Los Angeles International Airport','06:15:00','07:40:00','https://www.gstatic.com/flights/airline_logos/70px/multi.png','AS 3363','Los Angeles International Airport',180,1145,'SJC','LAX','LAX'),(9629,'Economy','EVA Air',1307,'2024-11-20','2024-11-23','Los Angeles International Airport','Taiwan Taoyuan International Airport','10:40:00','17:20:00','https://www.gstatic.com/flights/airline_logos/70px/multi.png','BR 5','',0,1145,'LAX','TPE',''),(9630,'Economy','Delta',1439,'2024-11-20','2024-11-23','San Jose Mineta International Airport','Los Angeles International Airport','07:25:00','08:56:00','https://www.gstatic.com/flights/airline_logos/70px/multi.png','DL 3979','Los Angeles International Airport',154,2315,'SJC','LAX','LAX'),(9631,'Economy','China Eastern',1439,'2024-11-20','2024-11-23','Los Angeles International Airport','Shanghai Pudong International Airport','11:30:00','17:45:00','https://www.gstatic.com/flights/airline_logos/70px/multi.png','MU 586','Shanghai Pudong International Airport',1100,2315,'LAX','PVG','PVG'),(9632,'Economy','China Eastern',1439,'2024-11-20','2024-11-23','Shanghai Pudong International Airport','Taiwan Taoyuan International Airport','12:05:00','14:00:00','https://www.gstatic.com/flights/airline_logos/70px/multi.png','MU 5007','',0,2315,'PVG','TPE',''),(9633,'Economy','Delta',2034,'2024-11-20','2024-11-23','San Jose Mineta International Airport','Los Angeles International Airport','07:25:00','08:56:00','https://www.gstatic.com/flights/airline_logos/70px/multi.png','DL 3979','Los Angeles International Airport',154,1350,'SJC','LAX','LAX'),(9634,'Economy','China Eastern',2034,'2024-11-20','2024-11-23','Los Angeles International Airport','Shanghai Pudong International Airport','11:30:00','17:45:00','https://www.gstatic.com/flights/airline_logos/70px/multi.png','MU 586','Shanghai Pudong International Airport',125,1350,'LAX','PVG','PVG'),(9635,'Economy','China Airlines',2034,'2024-11-20','2024-11-23','Shanghai Pudong International Airport','Taiwan Taoyuan International Airport','19:50:00','21:55:00','https://www.gstatic.com/flights/airline_logos/70px/multi.png','CI 504','',0,1350,'PVG','TPE',''),(9636,'Economy','Alaska',2616,'2024-11-20','2024-11-23','San Jose Mineta International Airport','Seattle–Tacoma International Airport','06:15:00','08:37:00','https://www.gstatic.com/flights/airline_logos/70px/multi.png','AS 1079','Seattle–Tacoma International Airport',213,1375,'SJC','SEA','SEA'),(9637,'Economy','JAL',2616,'2024-11-20','2024-11-23','Seattle–Tacoma International Airport','Narita International Airport','12:10:00','15:40:00','https://www.gstatic.com/flights/airline_logos/70px/multi.png','JL 67','Narita International Airport',145,1375,'SEA','NRT','NRT'),(9638,'Economy','JAL',2616,'2024-11-20','2024-11-23','Narita International Airport','Taiwan Taoyuan International Airport','18:05:00','21:10:00','https://www.gstatic.com/flights/airline_logos/70px/multi.png','JL 809','',0,1375,'NRT','TPE',''),(9639,'Economy','United',2963,'2024-11-20','2024-11-23','San Jose Mineta International Airport','Denver International Airport','12:55:00','16:32:00','https://www.gstatic.com/flights/airline_logos/70px/multi.png','UA 551','Denver International Airport',88,1470,'SJC','DEN','DEN'),(9640,'Economy','Air Canada',2963,'2024-11-20','2024-11-23','Denver International Airport','Vancouver International Airport','18:00:00','20:01:00','https://www.gstatic.com/flights/airline_logos/70px/multi.png','AC 8713','Vancouver International Airport',254,1470,'DEN','YVR','YVR'),(9641,'Economy','EVA Air',2963,'2024-11-20','2024-11-23','Vancouver International Airport','Taiwan Taoyuan International Airport','00:15:00','05:25:00','https://www.gstatic.com/flights/airline_logos/70px/multi.png','BR 9','',0,1470,'YVR','TPE',''),(9642,'Economy','Alaska',4111,'2024-11-20','2024-11-23','San Jose Mineta International Airport','Seattle–Tacoma International Airport','06:15:00','08:37:00','https://www.gstatic.com/flights/airline_logos/70px/multi.png','AS 1079','Seattle–Tacoma International Airport',213,1360,'SJC','SEA','SEA'),(9643,'Economy','JAL',4111,'2024-11-20','2024-11-23','Seattle–Tacoma International Airport','Narita International Airport','12:10:00','15:40:00','https://www.gstatic.com/flights/airline_logos/70px/multi.png','JL 67','Narita International Airport',125,1360,'SEA','NRT','NRT'),(9644,'Economy','China Airlines',4111,'2024-11-20','2024-11-23','Narita International Airport','Taiwan Taoyuan International Airport','17:45:00','20:55:00','https://www.gstatic.com/flights/airline_logos/70px/multi.png','CI 105','',0,1360,'NRT','TPE',''),(9645,'Economy','Delta',7251,'2024-11-20','2024-11-23','San Jose Mineta International Airport','Los Angeles International Airport','07:25:00','08:56:00','https://www.gstatic.com/flights/airline_logos/70px/multi.png','DL 3979','Los Angeles International Airport',114,1360,'SJC','LAX','LAX'),(9646,'Economy','Korean Air',7251,'2024-11-20','2024-11-23','Los Angeles International Airport','Incheon International Airport','10:50:00','17:40:00','https://www.gstatic.com/flights/airline_logos/70px/multi.png','KE 18','Incheon International Airport',155,1360,'LAX','ICN','ICN'),(9647,'Business Class','China Airlines',7251,'2024-11-20','2024-11-23','Incheon International Airport','Taiwan Taoyuan International Airport','20:15:00','22:05:00','https://www.gstatic.com/flights/airline_logos/70px/multi.png','CI 163','',0,1360,'ICN','TPE',''),(9648,'Economy','Delta',787,'2024-11-20','2024-11-26','San Jose Mineta International Airport','Seattle–Tacoma International Airport','10:30:00','13:00:00','https://www.gstatic.com/flights/airline_logos/70px/DL.png','DL 3736','Seattle–Tacoma International Airport',139,1115,'SJC','SEA','SEA'),(9649,'Economy','Delta',787,'2024-11-20','2024-11-26','Seattle–Tacoma International Airport','Taiwan Taoyuan International Airport','15:19:00','21:05:00','https://www.gstatic.com/flights/airline_logos/70px/DL.png','DL 69','',0,1115,'SEA','TPE',''),(9650,'Economy','Alaska',1132,'2024-11-20','2024-11-26','San Jose Mineta International Airport','Los Angeles International Airport','18:52:00','20:17:00','https://www.gstatic.com/flights/airline_logos/70px/multi.png','AS 3385','Los Angeles International Airport',138,1103,'SJC','LAX','LAX'),(9651,'Economy','EVA Air',1132,'2024-11-20','2024-11-26','Los Angeles International Airport','Taiwan Taoyuan International Airport','22:35:00','05:15:00','https://www.gstatic.com/flights/airline_logos/70px/multi.png','BR 11','',0,1103,'LAX','TPE',''),(9652,'Economy','Alaska',1250,'2024-11-20','2024-11-26','San Jose Mineta International Airport','Los Angeles International Airport','10:11:00','11:36:00','https://www.gstatic.com/flights/airline_logos/70px/multi.png','AS 3438','Los Angeles International Airport',194,1159,'SJC','LAX','LAX'),(9653,'Economy','China Airlines',1250,'2024-11-20','2024-11-26','Los Angeles International Airport','Taiwan Taoyuan International Airport','14:50:00','21:30:00','https://www.gstatic.com/flights/airline_logos/70px/multi.png','CI 5','',0,1159,'LAX','TPE',''),(9654,'Economy','Alaska',1097,'2024-11-20','2024-11-26','San Jose Mineta International Airport','Seattle–Tacoma International Airport','15:07:00','17:25:00','https://www.gstatic.com/flights/airline_logos/70px/multi.png','AS 1046','Seattle–Tacoma International Airport',405,1333,'SJC','SEA','SEA'),(9655,'Economy','EVA Air',1097,'2024-11-20','2024-11-26','Seattle–Tacoma International Airport','Taiwan Taoyuan International Airport','00:10:00','05:20:00','https://www.gstatic.com/flights/airline_logos/70px/multi.png','BR 25','',0,1333,'SEA','TPE',''),(9656,'Economy','Alaska',1102,'2024-11-20','2024-11-26','San Jose Mineta International Airport','Los Angeles International Airport','10:11:00','11:36:00','https://www.gstatic.com/flights/airline_logos/70px/multi.png','AS 3438','Los Angeles International Airport',659,1624,'SJC','LAX','LAX'),(9657,'Economy','EVA Air',1102,'2024-11-20','2024-11-26','Los Angeles International Airport','Taiwan Taoyuan International Airport','22:35:00','05:15:00','https://www.gstatic.com/flights/airline_logos/70px/multi.png','BR 11','',0,1624,'LAX','TPE',''),(9658,'Economy','Alaska',1267,'2024-11-20','2024-11-26','San Jose Mineta International Airport','Los Angeles International Airport','06:15:00','07:40:00','https://www.gstatic.com/flights/airline_logos/70px/multi.png','AS 3363','Los Angeles International Airport',180,1145,'SJC','LAX','LAX'),(9659,'Economy','EVA Air',1267,'2024-11-20','2024-11-26','Los Angeles International Airport','Taiwan Taoyuan International Airport','10:40:00','17:20:00','https://www.gstatic.com/flights/airline_logos/70px/multi.png','BR 5','',0,1145,'LAX','TPE',''),(9660,'Economy','Delta',1365,'2024-11-20','2024-11-26','San Jose Mineta International Airport','Los Angeles International Airport','07:25:00','08:56:00','https://www.gstatic.com/flights/airline_logos/70px/multi.png','DL 3979','Los Angeles International Airport',354,1325,'SJC','LAX','LAX'),(9661,'Economy','China Airlines',1365,'2024-11-20','2024-11-26','Los Angeles International Airport','Taiwan Taoyuan International Airport','14:50:00','21:30:00','https://www.gstatic.com/flights/airline_logos/70px/multi.png','CI 5','',0,1325,'LAX','TPE',''),(9662,'Economy','Alaska',1420,'2024-11-20','2024-11-26','San Jose Mineta International Airport','Los Angeles International Airport','18:52:00','20:17:00','https://www.gstatic.com/flights/airline_logos/70px/multi.png','AS 3385','Los Angeles International Airport',148,1108,'SJC','LAX','LAX'),(9663,'Economy','China Airlines',1420,'2024-11-20','2024-11-26','Los Angeles International Airport','Taiwan Taoyuan International Airport','22:45:00','05:20:00','https://www.gstatic.com/flights/airline_logos/70px/multi.png','CI 7','',0,1108,'LAX','TPE',''),(9664,'Economy','Hawaiian',1498,'2024-11-20','2024-11-26','San Jose Mineta International Airport','Daniel K. Inouye International Airport','07:15:00','10:55:00','https://www.gstatic.com/flights/airline_logos/70px/multi.png','HA 91','Daniel K. Inouye International Airport',65,1300,'SJC','HNL','HNL'),(9665,'Economy','Hawaiian',1498,'2024-11-20','2024-11-26','Daniel K. Inouye International Airport','Narita International Airport','12:00:00','16:00:00','https://www.gstatic.com/flights/airline_logos/70px/multi.png','HA 821','Narita International Airport',105,1300,'HNL','NRT','NRT'),(9666,'Economy','China Airlines',1498,'2024-11-20','2024-11-26','Narita International Airport','Taiwan Taoyuan International Airport','17:45:00','20:55:00','https://www.gstatic.com/flights/airline_logos/70px/multi.png','CI 105','',0,1300,'NRT','TPE',''),(9667,'Economy','Alaska',1960,'2024-11-20','2024-11-26','San Jose Mineta International Airport','Seattle–Tacoma International Airport','06:15:00','08:37:00','https://www.gstatic.com/flights/airline_logos/70px/multi.png','AS 1079','Seattle–Tacoma International Airport',213,1375,'SJC','SEA','SEA'),(9668,'Economy','JAL',1960,'2024-11-20','2024-11-26','Seattle–Tacoma International Airport','Narita International Airport','12:10:00','15:40:00','https://www.gstatic.com/flights/airline_logos/70px/multi.png','JL 67','Narita International Airport',145,1375,'SEA','NRT','NRT'),(9669,'Economy','JAL',1960,'2024-11-20','2024-11-26','Narita International Airport','Taiwan Taoyuan International Airport','18:05:00','21:10:00','https://www.gstatic.com/flights/airline_logos/70px/multi.png','JL 809','',0,1375,'NRT','TPE',''),(9670,'Economy','Delta',2036,'2024-11-20','2024-11-26','San Jose Mineta International Airport','Los Angeles International Airport','07:25:00','08:56:00','https://www.gstatic.com/flights/airline_logos/70px/multi.png','DL 3979','Los Angeles International Airport',154,2315,'SJC','LAX','LAX'),(9671,'Economy','China Eastern',2036,'2024-11-20','2024-11-26','Los Angeles International Airport','Shanghai Pudong International Airport','11:30:00','17:45:00','https://www.gstatic.com/flights/airline_logos/70px/multi.png','MU 586','Shanghai Pudong International Airport',1100,2315,'LAX','PVG','PVG'),(9672,'Economy','China Eastern',2036,'2024-11-20','2024-11-26','Shanghai Pudong International Airport','Taiwan Taoyuan International Airport','12:05:00','14:00:00','https://www.gstatic.com/flights/airline_logos/70px/multi.png','MU 5007','',0,2315,'PVG','TPE',''),(9673,'Economy','Delta',2065,'2024-11-20','2024-11-26','San Jose Mineta International Airport','Los Angeles International Airport','07:25:00','08:56:00','https://www.gstatic.com/flights/airline_logos/70px/multi.png','DL 3979','Los Angeles International Airport',154,1350,'SJC','LAX','LAX'),(9674,'Economy','China Eastern',2065,'2024-11-20','2024-11-26','Los Angeles International Airport','Shanghai Pudong International Airport','11:30:00','17:45:00','https://www.gstatic.com/flights/airline_logos/70px/multi.png','MU 586','Shanghai Pudong International Airport',125,1350,'LAX','PVG','PVG'),(9675,'Economy','China Airlines',2065,'2024-11-20','2024-11-26','Shanghai Pudong International Airport','Taiwan Taoyuan International Airport','19:50:00','21:55:00','https://www.gstatic.com/flights/airline_logos/70px/multi.png','CI 504','',0,1350,'PVG','TPE',''),(9676,'Economy','Alaska',3455,'2024-11-20','2024-11-26','San Jose Mineta International Airport','Seattle–Tacoma International Airport','06:15:00','08:37:00','https://www.gstatic.com/flights/airline_logos/70px/multi.png','AS 1079','Seattle–Tacoma International Airport',213,1360,'SJC','SEA','SEA'),(9677,'Economy','JAL',3455,'2024-11-20','2024-11-26','Seattle–Tacoma International Airport','Narita International Airport','12:10:00','15:40:00','https://www.gstatic.com/flights/airline_logos/70px/multi.png','JL 67','Narita International Airport',125,1360,'SEA','NRT','NRT'),(9678,'Economy','China Airlines',3455,'2024-11-20','2024-11-26','Narita International Airport','Taiwan Taoyuan International Airport','17:45:00','20:55:00','https://www.gstatic.com/flights/airline_logos/70px/multi.png','CI 105','',0,1360,'NRT','TPE',''),(9679,'Economy','Delta',5921,'2024-11-20','2024-11-26','San Jose Mineta International Airport','Los Angeles International Airport','07:25:00','08:56:00','https://www.gstatic.com/flights/airline_logos/70px/multi.png','DL 3979','Los Angeles International Airport',114,1360,'SJC','LAX','LAX'),(9680,'Economy','Korean Air',5921,'2024-11-20','2024-11-26','Los Angeles International Airport','Incheon International Airport','10:50:00','17:40:00','https://www.gstatic.com/flights/airline_logos/70px/multi.png','KE 18','Incheon International Airport',155,1360,'LAX','ICN','ICN'),(9681,'Business Class','China Airlines',5921,'2024-11-20','2024-11-26','Incheon International Airport','Taiwan Taoyuan International Airport','20:15:00','22:05:00','https://www.gstatic.com/flights/airline_logos/70px/multi.png','CI 163','',0,1360,'ICN','TPE','');
/*!40000 ALTER TABLE `flights` ENABLE KEYS */;
UNLOCK TABLES;

--
-- Table structure for table `hotels`
--

DROP TABLE IF EXISTS `hotels`;
/*!40101 SET @saved_cs_client     = @@character_set_client */;
/*!50503 SET character_set_client = utf8mb4 */;
CREATE TABLE `hotels` (
  `HotelID` int NOT NULL,
  `HotelName` varchar(45) DEFAULT NULL,
  `CheckinDate` date DEFAULT NULL,
  `CheckoutDate` date DEFAULT NULL,
  `Price` varchar(45) DEFAULT NULL,
  PRIMARY KEY (`HotelID`)
) ENGINE=InnoDB DEFAULT CHARSET=utf8mb4 COLLATE=utf8mb4_0900_ai_ci;
/*!40101 SET character_set_client = @saved_cs_client */;

--
-- Dumping data for table `hotels`
--

LOCK TABLES `hotels` WRITE;
/*!40000 ALTER TABLE `hotels` DISABLE KEYS */;
INSERT INTO `hotels` VALUES (1006,'Desert Oasis','2024-12-10','2024-12-15','130.00'),(1034,'Ocean View Resort','2024-10-01','2024-10-07','120.00'),(2198,'Mountain Retreat','2024-10-10','2024-10-15','150.00'),(3210,'City Center Hotel','2024-10-12','2024-10-19','200.00'),(4876,'Countryside Inn','2024-10-20','2024-10-25','90.00'),(5983,'Lakeside Cabins','2024-11-01','2024-11-05','110.00'),(6745,'Luxury Suites','2024-11-10','2024-11-15','250.00'),(7320,'Budget Stay','2024-11-18','2024-11-20','65.00'),(8493,'Historic Hotel','2024-11-25','2024-11-30','175.00'),(9142,'Beachfront Hotel','2024-12-01','2024-12-05','220.00');
/*!40000 ALTER TABLE `hotels` ENABLE KEYS */;
UNLOCK TABLES;

--
-- Table structure for table `suggestedactivities`
--

DROP TABLE IF EXISTS `suggestedactivities`;
/*!40101 SET @saved_cs_client     = @@character_set_client */;
/*!50503 SET character_set_client = utf8mb4 */;
CREATE TABLE `suggestedactivities` (
  `StateName` varchar(45) NOT NULL,
  `ActivityName` varchar(45) DEFAULT NULL,
  `ActivityDesc` varchar(500) DEFAULT NULL,
  `Price` varchar(45) DEFAULT NULL,
  PRIMARY KEY (`StateName`)
) ENGINE=InnoDB DEFAULT CHARSET=utf8mb4 COLLATE=utf8mb4_0900_ai_ci;
/*!40101 SET character_set_client = @saved_cs_client */;

--
-- Dumping data for table `suggestedactivities`
--

LOCK TABLES `suggestedactivities` WRITE;
/*!40000 ALTER TABLE `suggestedactivities` DISABLE KEYS */;
INSERT INTO `suggestedactivities` VALUES ('Alaska','Glacier Cruise','Witness breathtaking glaciers and wildlife on a boat tour.','200.00'),('Arizona','Grand Canyon Hiking','Explore the stunning landscapes of the Grand Canyon.','40.00'),('California','Surfing Lessons','Learn to ride the waves with professional instructors.','100.00'),('Florida','Everglades Airboat Tour','Explore the unique ecosystem of the Everglades.','70.00'),('Hawaii','Snorkeling Adventure','Discover vibrant marine life in beautiful coral reefs.','120.00'),('Nevada','Las Vegas Strip Tour','Experience the excitement of the Las Vegas Strip.','60.00'),('New York','Broadway Show','Enjoy a spectacular performance in the heart of NYC.','150.00'),('North Carolina','Great Smoky Mountains National Park','Hike the scenic trails of America’s most visited national park.','30.00'),('Oregon','Wine Tasting Tour','Visit some of Oregon’s finest vineyards for wine tastings.','90.00'),('Texas','Barbecue Cooking Class','Master the art of Texas-style barbecue cooking.','80.00');
/*!40000 ALTER TABLE `suggestedactivities` ENABLE KEYS */;
UNLOCK TABLES;

--
-- Table structure for table `trips`
--

DROP TABLE IF EXISTS `trips`;
/*!40101 SET @saved_cs_client     = @@character_set_client */;
/*!50503 SET character_set_client = utf8mb4 */;
CREATE TABLE `trips` (
  `TripID` int NOT NULL,
  `StartLocation` varchar(45) DEFAULT NULL,
  `Destination` varchar(45) DEFAULT NULL,
  `Duration` int DEFAULT NULL,
  `Budget` int DEFAULT NULL,
  `Travelers` int DEFAULT NULL,
  `FlightClass` varchar(255) DEFAULT NULL,
  `Airline` varchar(255) DEFAULT NULL,
  `StartDate` datetime DEFAULT NULL,
  `EndDate` datetime DEFAULT NULL,
  PRIMARY KEY (`TripID`)
) ENGINE=InnoDB DEFAULT CHARSET=utf8mb4 COLLATE=utf8mb4_0900_ai_ci;
/*!40101 SET character_set_client = @saved_cs_client */;

--
-- Dumping data for table `trips`
--

LOCK TABLES `trips` WRITE;
/*!40000 ALTER TABLE `trips` DISABLE KEYS */;
INSERT INTO `trips` VALUES (1015,'New York','Los Angeles',7,1200,3,NULL,NULL,NULL,NULL),(1027,'Denver','Salt Lake City',5,950,2,NULL,NULL,NULL,NULL),(2489,'Chicago','Miami',5,800,2,NULL,NULL,NULL,NULL),(3271,'San Francisco','Seattle',4,600,1,NULL,NULL,NULL,NULL),(4568,'Houston','New Orleans',3,500,4,NULL,NULL,NULL,NULL),(5894,'Phoenix','Las Vegas',2,300,2,NULL,NULL,NULL,NULL),(6732,'Boston','Washington D.C.',6,900,2,NULL,NULL,NULL,NULL),(7851,'Dallas','Austin',3,400,1,NULL,NULL,NULL,NULL),(8523,'Philadelphia','Orlando',8,1100,5,NULL,NULL,NULL,NULL),(9134,'Atlanta','Savannah',4,700,3,NULL,NULL,NULL,NULL),(9135,'San Jose','Sydney',5,20,5,NULL,NULL,NULL,NULL),(9136,'San Jose','Taipei',5,500,1,NULL,NULL,NULL,NULL),(9137,'San Jose','Taipei',5,500,1,NULL,NULL,NULL,NULL),(9138,'San Jose','Taipei',5,600,2,NULL,NULL,NULL,NULL),(9139,'San Jose','Sydney',3,590,6,NULL,NULL,NULL,NULL),(9140,'Sydney','Chicagp',3,800,3,NULL,NULL,NULL,NULL),(9141,'San Jose','Australia',3,800,3,NULL,NULL,NULL,NULL),(9142,'San Jose','Taipei',5,600,3,NULL,NULL,NULL,NULL),(9143,'Taipei','Japan',5,1000,4,'firstClass','Japan Airlines',NULL,NULL),(9144,'Taipei','Japan',5,100,2,'Economy','',NULL,NULL),(9145,'Taipef','dfsf',4,3000,3,'Economy','',NULL,NULL),(9146,'Taipef','dfsf',4,3000,3,'Economy','',NULL,NULL),(9147,'Taipef','dfsf',4,3000,3,'Economy','',NULL,NULL),(9148,'San Jose','Taipei',5,300,5,'Economy','',NULL,NULL),(9149,'San Jose','Taipei',8,8000,3,'Economy','',NULL,NULL),(9150,'San Jose','Taipei',4,3000,6,'Economy','',NULL,NULL),(9151,'San Jose','Taipei',3,300,5,'Economy','',NULL,NULL),(9152,'San Jose','Taipei',3,3000,4,'Economy','',NULL,NULL),(9153,'San Jose','Taipei',4,400,4,'Economy','',NULL,NULL),(9154,'San Jose','Taipei',3,300,5,'Economy','',NULL,NULL),(9155,'taipei','san jose',13,300,4,'Economy','',NULL,NULL),(9156,'taipei','san jose',13,300,4,'Economy','',NULL,NULL),(9157,'San Jose','Taipei',5,100,3,'Economy','',NULL,NULL),(9158,'San Jose','Taipei',3,300,3,'Economy','',NULL,NULL),(9159,'San Jose','Taipei',3,5000,5,'Economy','',NULL,NULL),(9160,'San Jose','Taipei',3,100,4,'Economy','',NULL,NULL),(9161,'San Jose','Taipei',3,100,4,'Economy','',NULL,NULL),(9162,'San Jose','Taipei',3,100,4,'Economy','',NULL,NULL),(9163,'San Jose','Taipei',3,3000,4,'Economy','',NULL,NULL),(9164,'Taipei','San Jose',3,300,5,'Economy','',NULL,NULL),(9165,'San Jose','Taipei',5,100,3,'Economy','',NULL,NULL),(9166,'San Jose','Taipei',2,3000,2,'Economy','',NULL,NULL),(9167,'San Jose','Taipei',3,300,3,'Economy','',NULL,NULL),(9168,'San Jose','Taipei',3,300,3,'Economy','',NULL,NULL),(9169,'San Jose','Taipei',3,300,3,'Economy','',NULL,NULL),(9170,'San Jose','Taipei',2,1000,5,'Economy','','2024-11-14 00:00:00','2024-11-16 00:00:00'),(9171,'sdyney','tokyo',3,1000,3,'Economy','','2024-11-13 00:00:00','2024-11-15 00:00:00'),(9172,'sdyney','tokyo',3,1000,3,'Economy','','2024-11-13 00:00:00','2024-11-15 00:00:00'),(9173,'sdyney','tokyo',4,1000,5,'Economy','','2024-11-13 00:00:00','2024-11-16 00:00:00'),(9174,'sdyney','tokyo',3,5000,2,'Economy','','2024-11-14 00:00:00','2024-11-16 00:00:00'),(9175,'sdyney','tokyo',3,300,2,'Economy','','2024-11-13 00:00:00','2024-11-15 00:00:00'),(9176,'sdyney','tokyo',3,500,1,'Economy','','2024-11-13 00:00:00','2024-11-15 00:00:00'),(9177,'San Jose','tokyo',2,500,2,'Economy','','2024-11-13 00:00:00','2024-11-16 00:00:00'),(9178,'sdyney','Taipei',3,1000,2,'Economy','','2024-11-13 00:00:00','2024-11-16 00:00:00'),(9179,'San Jose','Sydney',3,700,2,'Economy','','2024-11-14 00:00:00','2024-11-16 00:00:00'),(9180,'San Jose','tokyo',2,500,2,'Economy','','2024-11-13 00:00:00','2024-11-14 00:00:00'),(9181,'San Jose','Taipei',3,2000,2,'Economy','','2024-11-13 00:00:00','2024-11-15 00:00:00'),(9182,'san francisco','tokyo',6,1000,2,'Economy','','2024-11-12 00:00:00','2024-11-17 00:00:00'),(9183,'San Jose','Sydney',4,200,2,'Economy','','2024-11-12 00:00:00','2024-11-15 00:00:00'),(9184,'San Jose','Japan',7,1000,2,'Economy','','2024-11-14 00:00:00','2024-11-21 00:00:00'),(9185,'San Jose','Sydney',5,2000,2,'Economy','','2024-11-13 00:00:00','2024-11-20 00:00:00'),(9186,'San Jose','tokyo',2,200,1,'Economy','','2024-11-12 00:00:00','2024-11-13 00:00:00'),(9187,'San Jose','Taipei',10,1000,1,'Economy','','2024-11-14 00:00:00','2024-11-22 00:00:00'),(9188,'San Jose','Taipei',10,1000,1,'Economy','','2024-11-14 00:00:00','2024-11-22 00:00:00'),(9189,'San Jose','sydney',3,300,1,'Economy','','2024-11-11 00:00:00','2024-11-14 00:00:00'),(9190,'San Jose','sydney',3,300,1,'Economy','','2024-11-12 00:00:00','2024-11-14 00:00:00'),(9191,'San Jose','sydney',3,300,1,'Economy','','2024-11-12 00:00:00','2024-11-14 00:00:00'),(9192,'tokyo','san francisco',3,300,1,'Economy','','2024-11-12 00:00:00','2024-11-14 00:00:00'),(9193,'san francisco','sydney',4,1000,1,'Economy','','2024-11-13 00:00:00','2024-11-20 00:00:00'),(9194,'san francisco','sydney',7,1000,2,'Economy','','2024-11-14 00:00:00','2024-11-20 00:00:00'),(9195,'San Jose','hong kong',6,100,5,'Economy','','2024-11-13 00:00:00','2024-11-15 00:00:00'),(9196,'San Jose','China',1,300,1,'Premium Economy','','2024-11-13 00:00:00','2024-11-16 00:00:00'),(9197,'San Jose','China',1,300,1,'Premium Economy','','2024-11-13 00:00:00','2024-11-16 00:00:00'),(9198,'San Jose','China',3,300,4,'Premium Economy','','2024-11-13 00:00:00','2024-11-15 00:00:00'),(9199,'San Jose','Peking',3,300,4,'Premium Economy','','2024-11-13 00:00:00','2024-11-15 00:00:00'),(9200,'san jose','Sydney',4,1000,2,'Business','','2024-11-13 00:00:00','2024-11-16 00:00:00'),(9201,'san jose','Sydney',4,1000,2,'Business','','2024-11-13 00:00:00','2024-11-16 00:00:00'),(9202,'san jose','Sydney',4,1000,2,'None','','2024-11-13 00:00:00','2024-11-16 00:00:00'),(9203,'san francisco','taipei',7,1000,5,'Business','','2024-11-14 00:00:00','2024-11-21 00:00:00'),(9204,'San Jose','peking',2,1000,3,'Business','','2024-11-14 00:00:00','2024-11-15 00:00:00'),(9205,'San Jose','peking',2,1000,3,'Business','','2024-11-14 00:00:00','2024-11-20 00:00:00'),(9206,'San Jose','tokyo',4,1000,3,'Business','','2024-11-12 00:00:00','2024-11-15 00:00:00'),(9207,'San Jose','Sydney',7,5000,3,'Economy','','2024-11-15 00:00:00','2024-11-22 00:00:00'),(9208,'San Jose','Sydney',7,5000,3,'Economy','','2024-11-15 00:00:00','2024-11-22 00:00:00'),(9209,'San Jose','Taipei',6,1000,3,'Economy','','2024-11-16 00:00:00','2024-11-21 00:00:00'),(9210,'San Jose','Thailand',6,3000,3,'Economy','','2024-11-16 00:00:00','2024-11-21 00:00:00'),(9211,'San Jose','Thailand',6,4000,3,'Premium Economy','','2024-11-16 00:00:00','2024-11-21 00:00:00'),(9212,'San Jose','Thailand',6,4000,3,'Premium Economy','','2024-11-16 00:00:00','2024-11-21 00:00:00'),(9213,'San Jose','Thailand',5,3000,2,'Economy','','2024-11-16 00:00:00','2024-11-21 00:00:00'),(9214,'San Jose','Thailand',3,1000,3,'Premium Economy','','2024-11-16 00:00:00','2024-11-21 00:00:00'),(9215,'San Jose','Thailand',6,7000,2,'Premium Economy','','2024-11-16 00:00:00','2024-11-21 00:00:00'),(9216,'San Jose','Thailand',6,7000,2,'Business','','2024-11-16 00:00:00','2024-11-21 00:00:00'),(9217,'San Jose','Thailand',6,7000,2,'Premium Economy','','2024-11-16 00:00:00','2024-11-21 00:00:00'),(9218,'San Jose','Thailand',6,1000,5,'Business','','2024-11-16 00:00:00','2024-11-21 00:00:00'),(9219,'San Jose','Thailand',6,1000,5,'Business','','2024-11-16 00:00:00','2024-11-21 00:00:00'),(9220,'San Jose','Thailand',5,1000,3,'First','','2024-11-16 00:00:00','2024-11-21 00:00:00'),(9221,'San Jose','Thailand',5,1000,3,'First','','2024-11-16 00:00:00','2024-11-21 00:00:00'),(9222,'San Jose','Thailand',5,1000,3,'First','','2024-11-16 00:00:00','2024-11-21 00:00:00'),(9223,'san francisco','Taipei',6,1000,3,NULL,'Aerolineas Argentinas','2024-11-16 00:00:00','2024-11-21 00:00:00'),(9224,'san francisco','Taipei',6,1500,1,'Economy','AR','2024-11-16 00:00:00','2024-11-21 00:00:00'),(9225,'san francisco','Taipei',6,1500,1,'Economy','AR','2024-11-16 00:00:00','2024-11-21 00:00:00'),(9226,'san francisco','Taipei',6,1500,1,'Economy','AR','2024-11-16 00:00:00','2024-11-21 00:00:00'),(9227,'san francisco','Taipei',6,1500,1,'Economy','CI','2024-11-16 00:00:00','2024-11-21 00:00:00'),(9228,'san francisco','taipei',6,1500,2,'Economy','CI','2024-11-16 00:00:00','2024-11-21 00:00:00'),(9229,'san francisco','taipei',6,1500,2,'Economy','CI','2024-11-16 00:00:00','2024-11-21 00:00:00'),(9230,'San Jose','Taipei',6,1500,2,'Premium Economy',NULL,'2024-11-16 00:00:00','2024-11-21 00:00:00'),(9231,'San Jose','Taipei',6,1498,1,'Economy',NULL,'2024-11-16 00:00:00','2024-11-21 00:00:00'),(9232,'San Jose','Taipei',4,1500,2,'Economy',NULL,'2024-11-16 00:00:00','2024-11-21 00:00:00'),(9233,'San Jose','Taipei',6,1500,1,'Economy',NULL,'2024-11-16 00:00:00','2024-11-21 00:00:00'),(9234,'San Jose','Taipei',6,1500,2,'Economy',NULL,'2024-11-16 00:00:00','2024-11-21 00:00:00'),(9235,'San Jose','Taipei',7,3000,1,'Economy',NULL,'2024-11-16 00:00:00','2024-11-22 00:00:00'),(9236,'San Jose','Taipei',6,5000,1,'Economy',NULL,'2024-11-16 00:00:00','2024-11-21 00:00:00'),(9237,'San Jose','Taipei',6,6000,3,'Economy',NULL,'2024-11-19 00:00:00','2024-11-23 00:00:00'),(9238,'San Jose','Taipei',6,6000,3,'Economy',NULL,'2024-11-19 00:00:00','2024-11-23 00:00:00'),(9239,'San Jose','Taipei',4,1500,2,'Economy',NULL,'2024-11-20 00:00:00','2024-11-23 00:00:00'),(9240,'San Jose','Taipei',3,1500,2,'Economy',NULL,'2024-11-21 00:00:00','2024-11-24 00:00:00'),(9241,'San Jose','Taipei',3,1500,3,'Economy',NULL,'2024-11-18 00:00:00','2024-11-21 00:00:00'),(9242,'San Jose','Taipei',3,500,6,'Economy',NULL,'2024-11-19 00:00:00','2024-11-22 00:00:00'),(9243,'San Jose','Taipei',2,4000,2,'Economy',NULL,'2024-11-21 00:00:00','2024-11-23 00:00:00'),(9244,'san jose','Sydney',8,2000,2,'Economy',NULL,'2024-11-20 00:00:00','2024-11-28 00:00:00'),(9245,'San Jose','Taipei',4,2000,2,'Economy',NULL,'2024-11-20 00:00:00','2024-11-23 00:00:00'),(9246,'San Jose','Taipei',6,1500,3,'Economy',NULL,'2024-11-20 00:00:00','2024-11-26 00:00:00');
/*!40000 ALTER TABLE `trips` ENABLE KEYS */;
UNLOCK TABLES;

--
-- Table structure for table `tripselectflights`
--

DROP TABLE IF EXISTS `tripselectflights`;
/*!40101 SET @saved_cs_client     = @@character_set_client */;
/*!50503 SET character_set_client = utf8mb4 */;
CREATE TABLE `tripselectflights` (
  `TripID` int DEFAULT NULL,
  `FlightID` int NOT NULL,
  KEY `FK_TripID_idx` (`TripID`),
  KEY `FK_FlightID_idx` (`FlightID`),
  CONSTRAINT `FK_SelectFlights_FlightID` FOREIGN KEY (`FlightID`) REFERENCES `flights` (`FlightID`) ON DELETE CASCADE ON UPDATE CASCADE,
  CONSTRAINT `FK_SelectFlights_TripID` FOREIGN KEY (`TripID`) REFERENCES `trips` (`TripID`) ON DELETE CASCADE ON UPDATE CASCADE
) ENGINE=InnoDB DEFAULT CHARSET=utf8mb4 COLLATE=utf8mb4_0900_ai_ci;
/*!40101 SET character_set_client = @saved_cs_client */;

--
-- Dumping data for table `tripselectflights`
--

LOCK TABLES `tripselectflights` WRITE;
/*!40000 ALTER TABLE `tripselectflights` DISABLE KEYS */;
INSERT INTO `tripselectflights` VALUES (1015,2015),(2489,3489),(3271,4312),(4568,5198),(5894,6074),(6732,7201),(7851,8123),(8523,9342),(9134,1078),(1027,2490),(9246,9654),(9246,9655);
/*!40000 ALTER TABLE `tripselectflights` ENABLE KEYS */;
UNLOCK TABLES;

--
-- Table structure for table `tripselecthotels`
--

DROP TABLE IF EXISTS `tripselecthotels`;
/*!40101 SET @saved_cs_client     = @@character_set_client */;
/*!50503 SET character_set_client = utf8mb4 */;
CREATE TABLE `tripselecthotels` (
  `TripID` int DEFAULT NULL,
  `HotelID` int DEFAULT NULL,
  KEY `FK_TripID_idx` (`TripID`),
  KEY `FK_HotelID_idx` (`HotelID`),
  CONSTRAINT `FK_SelectHotels_HotelID` FOREIGN KEY (`HotelID`) REFERENCES `hotels` (`HotelID`) ON DELETE CASCADE ON UPDATE CASCADE,
  CONSTRAINT `FK_SelectHotels_TripID` FOREIGN KEY (`TripID`) REFERENCES `trips` (`TripID`) ON DELETE CASCADE ON UPDATE CASCADE
) ENGINE=InnoDB DEFAULT CHARSET=utf8mb4 COLLATE=utf8mb4_0900_ai_ci;
/*!40101 SET character_set_client = @saved_cs_client */;

--
-- Dumping data for table `tripselecthotels`
--

LOCK TABLES `tripselecthotels` WRITE;
/*!40000 ALTER TABLE `tripselecthotels` DISABLE KEYS */;
INSERT INTO `tripselecthotels` VALUES (1015,1034),(2489,2198),(3271,3210),(4568,4876),(5894,5983),(6732,6745),(7851,7320),(8523,8493),(9134,9142),(1027,1006);
/*!40000 ALTER TABLE `tripselecthotels` ENABLE KEYS */;
UNLOCK TABLES;

--
-- Table structure for table `tripselectsuggestedactivities`
--

DROP TABLE IF EXISTS `tripselectsuggestedactivities`;
/*!40101 SET @saved_cs_client     = @@character_set_client */;
/*!50503 SET character_set_client = utf8mb4 */;
CREATE TABLE `tripselectsuggestedactivities` (
  `TripID` int DEFAULT NULL,
  `StateName` varchar(45) DEFAULT NULL,
  KEY `FK_Suggested_TripID_idx` (`TripID`),
  KEY `FK_StateName_idx` (`StateName`),
  CONSTRAINT `FK_SuggestedActivities_StateName` FOREIGN KEY (`StateName`) REFERENCES `suggestedactivities` (`StateName`) ON DELETE CASCADE ON UPDATE CASCADE,
  CONSTRAINT `FK_SuggestedActivities_TripID` FOREIGN KEY (`TripID`) REFERENCES `trips` (`TripID`) ON DELETE CASCADE ON UPDATE CASCADE
) ENGINE=InnoDB DEFAULT CHARSET=utf8mb4 COLLATE=utf8mb4_0900_ai_ci;
/*!40101 SET character_set_client = @saved_cs_client */;

--
-- Dumping data for table `tripselectsuggestedactivities`
--

LOCK TABLES `tripselectsuggestedactivities` WRITE;
/*!40000 ALTER TABLE `tripselectsuggestedactivities` DISABLE KEYS */;
INSERT INTO `tripselectsuggestedactivities` VALUES (1015,'New York'),(2489,'Florida'),(3271,'California'),(4568,'Texas'),(5894,'Nevada'),(6732,'Arizona'),(7851,'Hawaii'),(8523,'Oregon'),(9134,'North Carolina'),(1027,'Alaska');
/*!40000 ALTER TABLE `tripselectsuggestedactivities` ENABLE KEYS */;
UNLOCK TABLES;

--
-- Table structure for table `userpreferences`
--

DROP TABLE IF EXISTS `userpreferences`;
/*!40101 SET @saved_cs_client     = @@character_set_client */;
/*!50503 SET character_set_client = utf8mb4 */;
CREATE TABLE `userpreferences` (
  `UserID` int DEFAULT NULL,
  `Language` varchar(45) DEFAULT NULL,
  `Currency` varchar(45) DEFAULT NULL,
  KEY `FK_Preferences_UserID_idx` (`UserID`),
  CONSTRAINT `FK_Preferences_UserID` FOREIGN KEY (`UserID`) REFERENCES `users` (`UserID`) ON DELETE CASCADE ON UPDATE CASCADE
) ENGINE=InnoDB DEFAULT CHARSET=utf8mb4 COLLATE=utf8mb4_0900_ai_ci;
/*!40101 SET character_set_client = @saved_cs_client */;

--
-- Dumping data for table `userpreferences`
--

LOCK TABLES `userpreferences` WRITE;
/*!40000 ALTER TABLE `userpreferences` DISABLE KEYS */;
INSERT INTO `userpreferences` VALUES (1023,'English','USD'),(5589,'Spanish','EUR'),(7812,'French','CAD'),(3621,'German','AUD'),(4859,'Chinese','CNY'),(6498,'Japanese','JPY'),(2934,'Russian','RUB'),(8751,'Italian','CHF'),(1005,'Korean','NZD'),(9174,'Portuguese','BRL'),(9176,'Spanish','AUD'),(9177,'Russian','CHF'),(9178,'Korean','AUD'),(9179,'English','EUR'),(9180,'German','CAD'),(9181,'Portuguese','AUD'),(9182,'English','INR'),(9183,'Japanese','EUR');
/*!40000 ALTER TABLE `userpreferences` ENABLE KEYS */;
UNLOCK TABLES;

--
-- Table structure for table `users`
--

DROP TABLE IF EXISTS `users`;
/*!40101 SET @saved_cs_client     = @@character_set_client */;
/*!50503 SET character_set_client = utf8mb4 */;
CREATE TABLE `users` (
  `UserID` int NOT NULL,
  `Email` varchar(45) DEFAULT NULL,
  `Password` varchar(45) DEFAULT NULL,
  `RoleName` varchar(45) DEFAULT NULL,
  PRIMARY KEY (`UserID`)
) ENGINE=InnoDB DEFAULT CHARSET=utf8mb4 COLLATE=utf8mb4_0900_ai_ci;
/*!40101 SET character_set_client = @saved_cs_client */;

--
-- Dumping data for table `users`
--

LOCK TABLES `users` WRITE;
/*!40000 ALTER TABLE `users` DISABLE KEYS */;
INSERT INTO `users` VALUES (100,'testing@gmail.com','12345','regular user'),(1005,'ivan@example.com','password9','admin'),(1023,'alice@example.com','password1','admin'),(2934,'grace@example.com','password7','regular user'),(3621,'dave@example.com','password4','admin'),(4859,'eve@example.com','password5','regular user'),(5589,'bob@example.com','password2','regular user'),(6498,'frank@example.com','password6','regular user'),(7812,'charlie@example.com','password3','regular user'),(8751,'heidi@example.com','password8','regular user'),(9174,'judy@example.com','password10','regular user'),(9175,'testing2@gmail.com','12345','regular user'),(9176,'ronaldtesting@gmail.com','907890908','regular user'),(9177,'ronaldtesting2@gmail.com','12345','regular user'),(9178,'ron@gmail.com','12345','regular user'),(9179,'testing3@gmail.com','12345','regular user'),(9180,'testing4@gmail.com','12345','regular user'),(9181,'testing5@gmail.com','12345','regular user'),(9182,'testing3@gmail.com','12345','regular user'),(9183,'ronald@gmail.com','12345','regular user');
/*!40000 ALTER TABLE `users` ENABLE KEYS */;
UNLOCK TABLES;

--
-- Table structure for table `usertrips`
--

DROP TABLE IF EXISTS `usertrips`;
/*!40101 SET @saved_cs_client     = @@character_set_client */;
/*!50503 SET character_set_client = utf8mb4 */;
CREATE TABLE `usertrips` (
  `UserID` int DEFAULT NULL,
  `TripID` int DEFAULT NULL,
  KEY `UserID_idx` (`UserID`),
  KEY `TripID_idx` (`TripID`),
  CONSTRAINT `FK_UserTrips_TripID` FOREIGN KEY (`TripID`) REFERENCES `trips` (`TripID`) ON DELETE CASCADE ON UPDATE CASCADE,
  CONSTRAINT `FK_UserTrips_UserID` FOREIGN KEY (`UserID`) REFERENCES `users` (`UserID`) ON DELETE CASCADE ON UPDATE CASCADE
) ENGINE=InnoDB DEFAULT CHARSET=utf8mb4 COLLATE=utf8mb4_0900_ai_ci;
/*!40101 SET character_set_client = @saved_cs_client */;

--
-- Dumping data for table `usertrips`
--

LOCK TABLES `usertrips` WRITE;
/*!40000 ALTER TABLE `usertrips` DISABLE KEYS */;
INSERT INTO `usertrips` VALUES (1023,1015),(1023,2489),(5589,3271),(7812,4568),(3621,5894),(4859,6732),(6498,7851),(2934,8523),(8751,9134),(1005,1027),(9179,9136),(9179,9137),(9179,9138),(9180,9139),(9181,9140),(9179,9141),(9183,9142),(100,9143),(100,9144),(100,9145),(100,9146),(100,9147),(100,9148),(100,9149),(100,9150),(100,9151),(100,9152),(100,9153),(100,9154),(100,9155),(100,9156),(100,9157),(100,9158),(100,9159),(100,9160),(100,9161),(100,9162),(100,9163),(100,9164),(100,9165),(100,9166),(100,9167),(100,9168),(100,9169),(100,9170),(100,9171),(100,9172),(100,9173),(100,9174),(100,9175),(100,9176),(100,9177),(100,9178),(100,9179),(100,9180),(100,9181),(100,9182),(100,9183),(100,9184),(100,9185),(100,9186),(100,9187),(100,9188),(100,9189),(100,9190),(100,9191),(100,9192),(100,9193),(100,9194),(100,9195),(100,9196),(100,9197),(100,9198),(100,9199),(100,9200),(100,9201),(100,9202),(100,9203),(100,9204),(100,9205),(100,9206),(100,9207),(100,9208),(100,9209),(100,9210),(100,9211),(100,9212),(100,9213),(100,9214),(100,9215),(100,9216),(100,9217),(100,9218),(100,9219),(100,9220),(100,9221),(100,9222),(100,9223),(100,9224),(100,9225),(100,9226),(100,9227),(100,9228),(100,9229),(100,9230),(100,9231),(100,9232),(100,9233),(100,9234),(100,9235),(100,9236),(100,9237),(100,9238),(100,9239),(100,9240),(100,9241),(100,9242),(100,9243),(100,9244),(100,9245),(100,9246);
/*!40000 ALTER TABLE `usertrips` ENABLE KEYS */;
UNLOCK TABLES;
/*!40103 SET TIME_ZONE=@OLD_TIME_ZONE */;

/*!40101 SET SQL_MODE=@OLD_SQL_MODE */;
/*!40014 SET FOREIGN_KEY_CHECKS=@OLD_FOREIGN_KEY_CHECKS */;
/*!40014 SET UNIQUE_CHECKS=@OLD_UNIQUE_CHECKS */;
/*!40101 SET CHARACTER_SET_CLIENT=@OLD_CHARACTER_SET_CLIENT */;
/*!40101 SET CHARACTER_SET_RESULTS=@OLD_CHARACTER_SET_RESULTS */;
/*!40101 SET COLLATION_CONNECTION=@OLD_COLLATION_CONNECTION */;
/*!40111 SET SQL_NOTES=@OLD_SQL_NOTES */;

-- Dump completed on 2024-11-17  1:53:26
